-- phpMyAdmin SQL Dump
-- version 5.1.0
-- https://www.phpmyadmin.net/
--
-- Máy chủ: mysql
-- Thời gian đã tạo: Th3 23, 2021 lúc 10:18 AM
-- Phiên bản máy phục vụ: 8.0.23
-- Phiên bản PHP: 7.4.15

SET SQL_MODE = "NO_AUTO_VALUE_ON_ZERO";
START TRANSACTION;
SET time_zone = "+00:00";


/*!40101 SET @OLD_CHARACTER_SET_CLIENT=@@CHARACTER_SET_CLIENT */;
/*!40101 SET @OLD_CHARACTER_SET_RESULTS=@@CHARACTER_SET_RESULTS */;
/*!40101 SET @OLD_COLLATION_CONNECTION=@@COLLATION_CONNECTION */;
/*!40101 SET NAMES utf8mb4 */;

--
-- Cơ sở dữ liệu: `Webtintuc`
--

-- --------------------------------------------------------

--
-- Cấu trúc bảng cho bảng `LoaiTin`
--

CREATE TABLE `LoaiTin` (
  `IdLT` int NOT NULL,
  `TenLT` varchar(30) NOT NULL,
  `FullTenLT` varchar(30) NOT NULL,
  `ThuTu` int DEFAULT NULL,
  `AnHien` tinyint(1) DEFAULT NULL,
  `IdTL` int NOT NULL
) ENGINE=InnoDB DEFAULT CHARSET=utf8mb4 COLLATE=utf8mb4_0900_ai_ci;

--
-- Đang đổ dữ liệu cho bảng `LoaiTin`
--

INSERT INTO `LoaiTin` (`IdLT`, `TenLT`, `FullTenLT`, `ThuTu`, `AnHien`, `IdTL`) VALUES
(1, 'Chinh tri', 'Chính trị', NULL, NULL, 1),
(2, 'Giao thong', 'Giao thông', NULL, NULL, 1),
(3, 'Dai hoi', 'Đại hội', NULL, NULL, 1),
(4, 'Bong da', 'Bóng đá', NULL, NULL, 2),
(5, 'Tennis', 'Tennis', NULL, NULL, 2),
(6, 'VM 2021', 'VM 2021', NULL, NULL, 2),
(7, 'Cac mon khac', 'Các môn khác', NULL, NULL, 2),
(8, 'Hau truong', 'Hậu trường', NULL, NULL, 2),
(9, 'Ho so pha an', 'Hồ sơ phá án', NULL, NULL, 3),
(10, 'Tu van', 'Tư vấn', NULL, NULL, 3),
(11, 'Tuyen sinh', 'Tuyển sinh', NULL, NULL, 4),
(12, 'Diem thi', 'Điểm thi', NULL, NULL, 4),
(13, 'Du hoc', 'Du học', NULL, NULL, 4),
(14, 'Hoc Teng Anh', 'Học Tiếng Anh', NULL, NULL, 4),
(15, 'Giao duc 4/0', 'Giáo dục 4.0', NULL, NULL, 4),
(16, 'Tin tuc', 'Tin tức', NULL, NULL, 5),
(17, 'Tu van', 'Tư vấn', NULL, NULL, 5),
(18, 'Dinh duong', 'Dinh dưỡng', NULL, NULL, 5),
(19, 'Khoe dep', 'Khoẻ đẹp', NULL, NULL, 5),
(20, 'To am', 'Tổ ấm', NULL, NULL, 6),
(21, 'Nha', 'Nhà', NULL, NULL, 6),
(22, 'Tieu dung', 'Tiêu dùng', NULL, NULL, 6),
(23, 'Diem den', 'ĐIểm đến', NULL, NULL, 7),
(24, 'Dau chan', 'Dấu chân', NULL, NULL, 7),
(25, 'Phim', 'Phim', NULL, NULL, 8),
(26, 'Nhac', 'Nhạc', NULL, NULL, 8),
(27, 'Lam dep', 'Làm đẹp', NULL, NULL, 8),
(28, 'Thoi trang', 'Thoi trang', NULL, NULL, 8),
(29, 'Doanh nghiep', 'Doanh nghiệp', NULL, NULL, 9),
(30, 'So hoa', 'Số hoá', NULL, NULL, 9),
(31, 'Bat dong san', 'Bất động sản', NULL, NULL, 9),
(32, 'Bao hiem', 'Bảo hiểm', NULL, NULL, 9),
(33, 'Ebank', 'Ebank', NULL, NULL, 9);

-- --------------------------------------------------------

--
-- Cấu trúc bảng cho bảng `Theloai`
--

CREATE TABLE `Theloai` (
  `IdTL` int NOT NULL,
  `TenTL` varchar(30) NOT NULL,
  `FullTenTL` varchar(30) NOT NULL,
  `ThuTu` int DEFAULT NULL,
  `AnHien` tinyint(1) DEFAULT NULL
) ENGINE=InnoDB DEFAULT CHARSET=utf8mb4 COLLATE=utf8mb4_0900_ai_ci;

--
-- Đang đổ dữ liệu cho bảng `Theloai`
--

INSERT INTO `Theloai` (`IdTL`, `TenTL`, `FullTenTL`, `ThuTu`, `AnHien`) VALUES
(1, 'Thoi su', 'Thời sự', NULL, NULL),
(2, 'The thao', 'Thể thao', NULL, NULL),
(3, 'Phap luat', 'Pháp luật', NULL, NULL),
(4, 'Giao duc', 'Giáo dục', NULL, NULL),
(5, 'Suc khoe', 'Sức khoẻ', NULL, NULL),
(6, 'Doi song', 'Đời sống', NULL, NULL),
(7, 'Du lich', 'Du lịch', NULL, NULL),
(8, 'Giai tri', 'Giải trí', NULL, NULL),
(9, 'Kinh doanh', 'Kinh doanh', NULL, NULL);

-- --------------------------------------------------------

--
-- Cấu trúc bảng cho bảng `Tin`
--

CREATE TABLE `Tin` (
  `IdTin` int NOT NULL,
  `NgayDang` datetime NOT NULL ON UPDATE CURRENT_TIMESTAMP,
  `IdTL` int NOT NULL,
  `IdLT` int NOT NULL,
  `Tieude` varchar(100) CHARACTER SET utf8mb4 COLLATE utf8mb4_0900_ai_ci NOT NULL,
  `TomTat` varchar(500) CHARACTER SET utf8mb4 COLLATE utf8mb4_0900_ai_ci NOT NULL,
  `Content` varchar(10000) CHARACTER SET utf8mb4 COLLATE utf8mb4_0900_ai_ci NOT NULL,
  `UrlAnh` varchar(100) CHARACTER SET utf8mb4 COLLATE utf8mb4_0900_ai_ci DEFAULT NULL,
  `Tacgia` varchar(50) NOT NULL,
  `IdUser` int NOT NULL,
  `Solanxem` int DEFAULT NULL,
  `AnHien` tinyint(1) DEFAULT NULL
) ENGINE=InnoDB DEFAULT CHARSET=utf8mb4 COLLATE=utf8mb4_0900_ai_ci;

--
-- Đang đổ dữ liệu cho bảng `Tin`
--

INSERT INTO `Tin` (`IdTin`, `NgayDang`, `IdTL`, `IdLT`, `Tieude`, `TomTat`, `Content`, `UrlAnh`, `Tacgia`, `IdUser`, `Solanxem`, `AnHien`) VALUES
(1, '2021-03-23 09:37:56', 1, 1, 'Thủ tướng được giới thiệu để bầu Chủ tịch nước', 'Tại kỳ họp Quốc hội tới đây, \"lần đầu tiên đương kim Thủ tướng được giới thiệu để bầu Chủ tịch nước\", theo Tổng thư ký Quốc hội Nguyễn Hạnh Phúc.', 'Trả lời phóng viên sáng 23/3, ông Nguyễn Hạnh Phúc nói khoảng 25 chức danh lãnh đạo sẽ được Quốc hội kiện toàn tại kỳ họp khai mạc vào sáng mai (24/3), trong đó có Chủ tịch Quốc hội, Chủ tịch nước, Thủ tướng; một số Phó thủ tướng, thành viên Chính phủ; một số Phó chủ tịch Quốc hội và Ủy viên Ủy ban thường vụ Quốc hội...\r\n\r\nNgoài việc xác nhận thông tin Thủ tướng đương nhiệm được giới thiệu để Quốc hội bầu làm Chủ tịch nước, ông Nguyễn Hạnh Phúc chưa thông báo cụ thể về đề cử nhân sự ở các chức danh khác.\r\nrả lời câu hỏi có bao nhiêu đề cử cho mỗi vị trí chức danh chủ chốt, ông Nguyễn Tuấn Anh, Phó Ban công tác đại biểu, nói các chức danh Chủ tịch nước, Chủ tịch Quốc hội, Thủ tướng đều phải trình Quốc hội theo các bước đã được luật định. Về nguyên tắc, Thường vụ Quốc hội trình nhân sự Chủ tịch nước để Quốc hội bầu. Đảng lãnh đạo nên công tác nhân sự được xem xét theo chủ trương của Đảng. \"Đến nay chưa có ai tự ứng cử vào các chức danh này\", ông Tuấn Anh cho hay.\r\n\r\nTheo ông, Thường vụ Quốc hội cũng giới thiệu nhân sự Chủ tịch Quốc hội; nếu ra Quốc hội có ứng cử viên nào xin tự ứng cử, lúc đó Quốc hội sẽ xem xét. \"Còn nhân sự Thủ tướng sẽ do Chủ tịch nước giới thiệu. Tất cả theo quy trình của Luật Tổ chức Quốc hội và Luật Tổ chức Chính phủ\", ông Tuấn Anh nói thêm.\r\nTổng thư ký Quốc hội Nguyễn Hạnh Phúc cho biết quy trình nhân sự sẽ được làm \"từng bước, chặt chẽ\". Đầu tiên, Quốc hội phải miễn nhiệm người đang giữ chức danh lãnh đạo, sau đó bỏ phiếu giới thiệu người nhận nhiệm vụ mới. Các vấn đề liên quan đều được thảo luận tại mỗi đoàn đại biểu, sau đó Thường vụ họp, tiếp thu ý kiến và giải trình trước Quốc hội.\r\n\r\n\"Quy trình phải tuần tự chứ không thể làm gộp các chức danh, không thể làm tắt\", ông Phúc nói và lấy ví dụ, vị trí Chủ nhiệm Ủy ban của Quốc hội phải là Ủy viên Thường vụ, vì vậy cần miễn nhiệm người đang giữ chức danh hiện nay, bầu Ủy viên Thường vụ mới, sau đó mới bầu Chủ nhiệm các Ủy ban.\r\n\r\nVới quy trình nêu trên, công tác nhân sự tại kỳ họp lần này \"có thể dài hơn\", trong khi \"cũng nội dung nhân sự nhưng đầu nhiệm kỳ sẽ làm rất nhanh, do Quốc có thể bầu 18 Ủy viên Thường vụ cùng một lúc\".\r\n\r\nÔng Nguyễn Hạnh Phúc cũng nêu rõ, việc kiện toàn nhân sự không phải bầu lãnh đạo cho khóa mới mà cho khóa hiện tại, lý do là sau Đại hội XIII, một số cán bộ không tham gia Ban chấp hành Trung ương nên những vị trí họ đang giữ phải được kiện toàn. \"Việc kiện toàn giúp những người là Ủy viên Trung ương đương nhiệm phát huy ngay khả năng của mình, đưa nghị quyết Đại hội XIII đi vào cuộc sống\", ông Phúc nói.\r\n\r\nKỳ họp đầu tiên của Quốc hội khóa XV (dự kiến tháng 7) sẽ tiếp tục bầu các chức danh lãnh đạo trong bộ máy Nhà nước khóa mới, và người giữ các chức danh này \"có thể trùng hoặc không\" với lần kiện toàn này, theo ông Nguyễn Hạnh Phúc.\r\n\r\nTheo danh sách sơ bộ người của các cơ quan Trung ương ứng cử đại biểu Quốc hội khóa XV, Tổng bí thư, Chủ tịch nước Nguyễn Phú Trọng ứng cử khối cơ quan Đảng; Thủ tướng Nguyễn Xuân Phúc khối cơ quan Chủ tịch nước; Trưởng ban Tổ chức Trung ương Phạm Minh Chính khối Chính phủ; Bí thư Thành ủy Hà Nội Vương Đình Huệ khối Quốc hội.\r\n\r\nNgoài 4 chức danh lãnh đạo chủ chốt nêu trên, ở khối Chính phủ có 9 thành viên không tham gia Trung ương khóa mới, gồm Phó thủ tướng Trương Hòa Bình, Phó thủ tướng Trịnh Đình Dũng, các Bộ trưởng Quốc phòng, Nội vụ, Nông nghiệp và Phát triển nông thôn, Văn hóa Thể thao và Du lịch, Xây dựng, Giáo dục và Đào tạo; và Bộ trưởng, Chủ nhiệm Văn phòng Chính phủ. Đây dự kiến là các chức danh sẽ được kiện toàn.\r\nTương tự, ở khối Quốc hội 12 vị không tham gia Trung ương khóa XIII gồm: Chủ tịch Quốc hội Nguyễn Thị Kim Ngân, 4 Phó chủ tịch Quốc hội và Chủ tịch Hội đồng Dân tộc; Tổng thư ký, Chủ nhiệm Văn phòng Quốc hội; Chủ nhiệm các Ủy ban Quốc phòng và An ninh, Khoa học Công nghệ và Môi trường, Đối ngoại, Văn hóa Giáo dục Thanh niên Thiếu niên và Nhi đồng; và Trưởng ban Công tác đại biểu.\r\n\r\nKỳ họp thứ 11, Quốc hội khóa XIV khai mạc vào ngày 24/3, dự kiến họp tập trung trong 12 ngày, bế mạc vào 8/4.\r\n\r\nTại kỳ họp này, Quốc hội dành khoảng 4,5 ngày để thảo luận dự thảo báo cáo công tác nhiệm kỳ khóa XIV của Quốc hội; xem xét các báo cáo công tác nhiệm kỳ 2016-2021 của: Chủ tịch nước, Chính phủ, Ủy ban Thường vụ Quốc hội, Hội đồng Dân tộc, các Ủy ban của Quốc hội, Tòa án nhân dân tối cao, Viện kiểm sát nhân dân tối cao, Kiểm toán nhà nước...\r\n\r\nSau đó, Quốc hội dành khoảng 7 ngày để xem xét, quyết định về công tác nhân sự.\r\n', NULL, 'Hoàng Thùy ', 1, NULL, NULL),
(2, '2021-03-23 09:40:27', 1, 3, 'Ba chức danh lãnh đạo chủ chốt được giới thiệu với số phiếu \'rất tập trung\'', 'Hội nghị Trung ương bỏ phiếu giới thiệu nhân sự ứng cử các chức danh Chủ tịch nước, Thủ tướng, Chủ tịch Quốc hội với số phiếu tập trung cao.', 'Sau hơn một ngày làm việc, hội nghị Trung ương 2 (khóa XIII) bế mạc sáng 9/3. Về việc giới thiệu nhân sự lãnh đạo cấp cao của các cơ quan nhà nước, Tổng bí thư, Chủ tịch nước Nguyễn Phú Trọng cho biết, \"Trung ương đã dân chủ thảo luận, xem xét kỹ lưỡng, lựa chọn phương án hợp lý nhất trong điều kiện có thể và đã đạt được sự nhất trí rất cao\".\r\n\r\nBan chấp hành Trung ương khẳng định, cần sớm kiện toàn, sắp xếp lại các chức danh lãnh đạo cơ quan nhà nước; nhất trí cho thực hiện việc này tại kỳ họp thứ 11, Quốc hội khoá XIV (dự kiến khai mạc 24/3).\r\nTại hội nghị, Trung ương đã bỏ phiếu giới thiệu nhân sự ứng cử các chức danh Chủ tịch nước, Thủ tướng, Chủ tịch Quốc hội - là những chức danh lãnh đạo chủ chốt của Nhà nước, \"với số phiếu rất tập trung, thể hiện sự đoàn kết thống nhất cao trong Ban chấp hành Trung ương\".\r\n\r\nBộ Chính trị cũng đã báo cáo xin ý kiến Trung ương trước khi chính thức giới thiệu nhân sự đối với các chức danh khác để Quốc hội xem xét, bầu hoặc phê chuẩn theo quy định của Hiến pháp và pháp luật.\r\n\r\nTổng bí thư, Chủ tịch nước Nguyễn Phú Trọng nói Bộ Chính trị sẽ chỉ đạo các cơ quan chức năng tiếp thu ý kiến của Trung ương, hoàn chỉnh phương án giới thiệu nhân sự ứng cử chức danh lãnh đạo các cơ quan nhà nước, để chuẩn bị trình Quốc hội. \"Đây là một bước quan trọng trong việc bố trí, sắp xếp, kiện toàn đội ngũ cán bộ của hệ thống chính trị trong nhiệm kỳ này và cho chúng ta thêm kinh nghiệm để tiến hành các bước tiếp theo\", ông nêu rõ.\r\nSau hội nghị Trung ương 2 (khóa XIII), cùng với việc lãnh đạo thực hiện tốt công tác nhân sự cấp cao tại kỳ họp thứ 11, Quốc hội khoá XIV, các cấp có thẩm quyền sẽ tiếp tục kiện toàn lãnh đạo các cơ quan của Trung ương Đảng, các ban cán sự đảng và đảng đoàn ở những nơi có sự thay đổi nhân sự, \"bảo đảm sự thông suốt, liên tục trong các hoạt động của toàn hệ thống chính trị\".\r\nĐề cập tới chương trình làm việc toàn khóa của Ban chấp hành Trung ương khóa XIII, Tổng bí thư, Chủ tịch nước Nguyễn Phú Trọng nói Trung ương cơ bản tán thành với tờ trình và dự thảo chương trình làm việc; đồng thời, nhấn mạnh việc xác định nội dung chương trình cần bám sát nghị quyết và các văn kiện của Đại hội XIII.\r\n\r\nChương trình làm việc toàn khóa của Trung ương cần tập trung cụ thể hóa và chỉ đạo thực hiện 6 nhiệm vụ trọng tâm, những vấn đề thực tiễn bức thiết đặt ra, những khó khăn cần tháo gỡ, giải quyết, những khâu đột phá, các nhiệm vụ trọng yếu, như: Tiếp tục đẩy mạnh thực hiện nghị quyết Trung ương 4 khoá XI, khóa XII về xây dựng Đảng; đẩy mạnh đấu tranh phòng, chống tham nhũng, lãng phí; đổi mới mô hình tăng trưởng, cơ cấu lại nền kinh tế, nâng cao chất lượng tăng trưởng, năng suất lao động, sức cạnh tranh của nền kinh tế; chủ động và tích cực hội nhập quốc tế...\r\n\r\nĐể thực hiện tốt chương trình làm việc toàn khóa đã được Trung ương thông qua, ngay sau hội nghị này, Tổng bí thư, Chủ tịch nước Nguyễn Phú Trọng cho biết, Bộ Chính trị sẽ chỉ đạo khẩn trương nghiên cứu, xây dựng kế hoạch triển khai một cách nghiêm túc; phân công rõ ràng các tổ chức, cá nhân chịu trách nhiệm chuẩn bị các đề án cụ thể.\r\n\r\nHội nghị Trung ương 2 (khóa XIII) khai mạc sáng 8/3, xem xét và bàn về chương trình làm việc toàn khóa; việc giới thiệu nhân sự lãnh đạo cấp cao của các cơ quan Nhà nước và một số vấn đề quan trọng khác.\r\n\r\nTrong 3 chức danh lãnh đạo chủ chốt của Nhà nước, Tổng bí thư Nguyễn Phú Trọng được bầu làm Chủ tịch nước tại kỳ họp thứ sáu, Quốc hội khóa XIV (tháng 10/2018).\r\n\r\nThủ tướng Nguyễn Xuân Phúc được bầu giữ cương vị người đứng đầu Chính phủ nhiệm kỳ 2011-2016 tại kỳ họp thứ 11, Quốc hội khóa XIII (ngày 7/4/2016); tiếp đó ông được bầu làm Thủ tướng nhiệm kỳ 2016-2021, tại kỳ họp thứ nhất, Quốc hội khóa XIV (tháng 7/2016).\r\n\r\nChủ tịch Quốc hội Nguyễn Thị Kim Ngân cũng được bầu làm Chủ tịch Quốc hội tại kỳ họp thứ 11, Quốc hội khóa XIII (ngày 31/3/2016). Bà trở thành nữ chính khách Việt Nam đầu tiên giữ cương vị này, đồng thời cũng là người đầu tiên thực hiện quy định tuyên thệ khi nhậm chức. Từ tháng 7/2016, bà là Chủ tịch Quốc hội khóa XIV.\r\n\r\nTại Đại hội XIII, Tổng bí thư, Chủ tịch nước Nguyễn Phú Trọng và Thủ tướng Nguyễn Xuân Phúc tái đắc cử Trung ương khóa mới và được Trung ương bầu vào Bộ Chính trị khóa XIII.\r\n\r\nChủ tịch Quốc hội Nguyễn Thị Kim Ngân không tái cử Trung ương khóa XIII.\r\n', NULL, 'Hoàng Thùy ', 1, NULL, NULL),
(3, '2021-03-23 09:42:03', 1, 2, 'Đề xuất một số \'trường hợp đặc biệt\' ứng cử Quốc hội', 'Một số nhân sự công tác tại các Ủy ban của Quốc hội dù quá tuổi, song vẫn được trình cấp có thẩm quyền xem xét cho tái ứng cử.', 'Ngày 23/3, ông Nguyễn Tuấn Anh, Phó ban Công tác đại biểu thuộc Ủy ban thường vụ Quốc hội, cho biết cơ cấu Quốc hội khóa XV dự kiến tỷ lệ đại biểu chuyên trách tăng từ ít nhất 35% lên 40% (trong tổng số 500 đại biểu), tương đương 200 người. Tuy nhiên đến nay số ứng cử viên được giới thiệu vẫn thiếu so với dự kiến này.\r\n\r\nTheo quy định, đại biểu Quốc hội chuyên trách phải đáp ứng nhiều điều kiện, tiêu chuẩn, trong đó có độ tuổi; trường hợp tái cử phải còn đủ tuổi công tác ít nhất 1/2 nhiệm kỳ (30 tháng) trở lên tính đến tháng 5/2021.\r\n\r\nĐể đáp ứng yêu cầu tăng số lượng, chất lượng đại biểu chuyên trách, huy động sự đóng góp của những người giàu kinh nghiệm hoạt động nghị trường cũng như các chuyên gia, \"các Ủy ban của Quốc hội đã đề xuất một số nhân sự thuộc trường hợp đặc biệt, dù đã quá tuổi công tác, vẫn tham gia tái ứng cử Quốc hội khóa mới\", theo ông Tuấn Anh.\r\n\r\nÔng Nguyễn Tuấn Anh, Phó Ban Công tác Đại biểu. Ảnh: Hiếu Duy\r\nÔng Nguyễn Tuấn Anh, Phó Ban Công tác Đại biểu. Ảnh: Hiếu Duy\r\n\r\nPhó ban Công tác đại biểu lấy ví dụ, Ủy ban về các vấn đề xã hội của Quốc hội đề xuất \"trường hợp đặc biệt\" là Phó chủ nhiệm Bùi Sỹ Lợi (62 tuổi), Ban Dân nguyện của Ủy ban Thường vụ Quốc hội có Phó ban Lưu Bình Nhưỡng (58 tuổi)...\r\n\r\n\"Đây là các đại biểu dù quá tuổi tái cử, nhưng có nhiều năm công tác và tâm huyết với Quốc hội\", ông Tuấn Anh nói và cho biết các \"trường hợp đặc biệt\" được Ban công tác đại biểu tập hợp danh sách để trình cấp có thẩm quyền xem xét. \"Đến nay chúng tôi chưa nhận được thông báo cụ thể về các đề xuất này\", ông Tuấn Anh nói thêm.\r\n\r\nTheo Tổng thư ký Quốc hội Nguyễn Hạnh Phúc, trong 205 người được các cơ quan Trung ương giới thiệu ứng cử Quốc hội khóa XV, số Giáo sư, Phó giáo sư là 16 (chiếm 7,8%), tiến sĩ 63 (30,7%); thạc sĩ là 94 (45,8%), còn lại đều có trình độ đại học... \"Như vậy chất lượng các ứng viên được khối cơ quan Trung ương giới thiệu ứng cử rất cao\", ông Phúc nói.\r\n\r\nNgày 23/5, công dân từ 18 tuổi trên cả nước sẽ bầu cử đại biểu Quốc hội khóa XV và đại biểu HĐND các cấp nhiệm kỳ 2021-2026.\r\n', NULL, 'Hoàng Thùy ', 1, NULL, NULL),
(4, '2021-03-23 09:44:52', 2, 4, 'Tương lai nào cho Cristiano Ronaldo?', 'Juventus quyết giữ Cristiano Ronaldo, nhưng rủi ro tài chính lớn và thành tích bết bát hiện tại có thể khiến họ đường ai nấy đi cuối mùa này.', 'Việc Juventus bị loại ở vòng 1/8 Champions League khiến giá trị của Cristiano Ronaldo xuống dốc. Được kỳ vọng nhiều nhất, nhưng anh hoàn toàn im tiếng trước đối thủ dưới cơ Porto. Thậm chí, Ronaldo còn bị quy trách nhiệm đứng hàng rào sai kỹ thuật, giúp Sergio Oliveira ghi bàn từ chấm đá phạt ở hiệp phụ trận lượt đi. Trở lại Serie A sau đó, cầu thủ người Bồ Đào Nha đáp trả bằng cú hat-trick trước Cagliari, như thể muốn khẳng định tham vọng của anh tại Juventus vẫn còn.\r\n\r\nNhưng trận thua Benevento 0-1 tiếp tục dìm sự hưng phấn đó. Đây là lần đầu trong tám năm, Juventus thua trên sân nhà trước một đội mới thăng hạng. Thầy trò Andrea Pirlo đang có ít hơn tới 11 điểm so với cùng kỳ mùa trước thời Sarri, ít hơn 20 điểm so với mùa giải trước đó nữa với Max Allegri. Cách biệt 10 điểm kém Inter vẫn có thể san lấp, do Juventus còn tới 11 vòng tức 33 điểm trước mắt để gặt hái, nhưng không ai tin họ làm được. Pirlo và các học trò chưa từng thắng liên tiếp quá ba trận ở Serie A mùa này - thống kê phản ánh sự thiếu ổn định của tập thể trong tay nhà cầm quân non trẻ người Italy.\r\n\r\nRonaldo lầm lũi đi vào đường hầm. Bên ngoài, cầu thủ Benevento ôm nhau vui mừng như thể vừa đoạt scudetto. Tổng giá trị đội hình của họ là 58,78 triệu euro, còn thấp hơn 60 triệu euro như trang Transfermarkt định giá Ronaldo ngay lúc này. Siêu sao người Bồ Đào Nha không quen chịu đựng cảnh ê chề như thế. Kể từ khi đạt đỉnh cao phong độ ở mùa giải 2007-2008 với Man Utd, chưa bao giờ Ronaldo cau có, bực tức và uể oải như hiện tại. Chưa bao giờ anh thể hiện sự bất lực rõ như vậy: rất muốn làm một điều gì đó để chứng tỏ bản thân và kéo cả đội đi lên, nhưng lại không đủ thể lực, sự hưng phấn và cả niềm tin để chơi như những năm đỉnh cao. Juventus có xu hướng phụ thuộc Ronaldo nhiều hơn Real, khi chất lượng đội hình của họ mùa này bị đánh giá tệ nhất trong 10 năm.\r\n\r\nNgay trong nội bộ Juventus cũng đang có những bất đồng. Sau khi bị loại bởi Porto, John Elkann - Chủ tịch và Giám đốc điều hành Exor, là tập đoàn mẹ của Juventus - đã bóng gió: \"Hãy tiếp tục tái thiết với người trẻ\". Nhưng Giám đốc Kỹ thuật Fabio Paratici lại vẫn nói cứng sau thất bại ê chề dưới tay Benevento trên sân nhà: \"Chúng tôi không tồn tại khái niệm \'mùa giải chuyển giao\'. Ronaldo là cầu thủ hay nhất, và đội bóng phải giữ chặt lấy anh ấy. Một trận thua không thay đổi ý tưởng cốt lõi của một dự án dài hơi\".\r\n\r\nRonaldo không đủ sức kéo nỗi một tập thể Juventus kém chất lượng nhất từ khoảng 10 năm qua đi lên. Ảnh: Lapresse\r\nRonaldo không đủ sức kéo nỗi một tập thể Juventus kém chất lượng nhất từ khoảng 10 năm qua đi lên. Ảnh: Lapresse\r\n\r\nParatici là người thuyết phục Chủ tịch Andrea Agnelli đạo diễn vụ mua Ronaldo hè 2018. Chính vì vụ này cùng với việc chi 90 triệu euro mua Gonzalo Higuain từ Napoli, mối quan hệ giữa Paratici với người thầy Giuseppe Marotta căng thẳng. Marotta chủ động từ chức để phản ứng cung cách vung tiền mua sao rất ngông nghênh và khác hẳn truyền thống của Juventus. Paratici thì hào hứng với những \"bước đột phá\" - theo quan điểm của ông. Dưới thời nhà quản lý này, mỗi năm Juventus mua một ngôi sao theo công thức \"Galacticos\" mà Chủ tịch Florentino Perez áp dụng tại Real. Trên sân cỏ, Juventus nhấn mạnh đến mục tiêu vô địch Champions League.\r\n\r\nNhưng những thất bại liên tiếp ở sân chơi số một châu Âu ba năm qua làm lộ rõ rạn nứt âm ỉ trong nội bộ Juventus cũng như sự mất cân bằng từ Ronaldo. Tiền đạo 36 tuổi nhận lương 31 triệu euro mỗi năm. Đứng thứ hai, nhưng Matthijs de Ligt chỉ nhận 8 triệu euro mỗi năm. Lương của Ronaldo nhiều hơn tổng lương bốn người xếp ngay sau. Chênh lệch thu nhập khủng khiếp biến anh thành người phải xử lý mọi chuyện trên sân, và tồn tại tâm lý \"dồn bóng cho Ronaldo là xong trách nhiệm\". Bản thân cầu thủ người Bồ Đào Nha cũng nghĩ rằng điều đó tốt cho anh, khi hăng hái phá hết kỷ lục này đến kỷ lục khác. Nhưng việc bỏ lỡ hai cơ hội ngon ăn trước Benevento cho thấy chính Ronaldo cũng không ở giai đoạn \"muốn là ghi bàn\" như hồi trẻ. Chính anh, cũng không còn ổn định như Juventus.\r\n\r\nVề bài toán tiền bạc, bán Ronaldo là sự giải thoát. Theo Corriere dello Sport, Juventus sẵn sàng chuyển nhượng Ronaldo với giá 29 triệu euro, tức bằng đúng mức khấu hao giá trị trong một năm cuối hợp đồng. Họ đã lỗ tổng cộng 130 triệu euro trong hai năm sở hữu Ronaldo, cùng mức nợ 372 triệu euro vì Covid-19. Giữ Ronaldo thêm một mùa có thể biến Juventus thành chúa chổm. Còn bán anh, họ sẽ giải phóng quỹ lương, có điều kiện mua thêm ít nhất bốn cầu thủ chất lượng để bù đắp vào đội hình hiện tại.\r\n\r\nNhưng, vấn đề được đặt ra là nếu muốn bán Ronaldo, Juventus sẽ bán cho ai? Man City chỉ thích Romelu Lukaku của Inter. PSG hướng đến Lionel Messi nhiều hơn. Thời Covid-19, ít đội kham nổi mức lương của Ronaldo. Dù 36 tuổi, anh vẫn muốn ký hợp đồng tối thiểu hai năm thay vì ký từng năm theo cách mà những \"ông già gân\" như Zlatan Ibrahimovic chấp nhận tại AC Milan. Đó là gánh nặng thật sự, ngay cả với những siêu CLB châu Âu hiện tại, và hoàn cảnh ấy đẩy Ronaldo vào thế ít nhiều giống đại kình địch Messi tại Barca và trước đó là Gareth Bale ở Real. Họ muốn muốn đi mà chưa biết đi đâu, vẫn muốn nhận lương cao chót vót, nhưng hoàn cảnh kinh tế thể thao hiện tại lại không đáp ứng được điều đó.\r\n\r\nAgnelli và ban lãnh đạo Juventus đang chịu áp lực rất lớn về tài chính từ canh bạc mang tên Ronaldo. Ảnh: ANSA\r\nAgnelli và ban lãnh đạo Juventus đang chịu áp lực rất lớn về tài chính từ canh bạc mang tên Ronaldo. Ảnh: ANSA\r\n\r\nJuventus vẫn có thể giữ Ronaldo dài hạn, nhưng họ phải gồng lỗ nhiều tháng nữa, đợi khi Covid-19 chấm dứt, và bóng đá trở lại nhịp sống bình thường. Nhưng đó có thể là một canh bạc nữa, trừ khi Paratici tìm được giải pháp nào đó có sự đồng thuận của chính Ronaldo để hỗ trợ đội bóng, như Joan Laporta đã muốn Messi thông cảm cho tình hình tài chính bê bết của Barca hiện tại.\r\n\r\nNhưng nếu Ronaldo ở lại, chắc chắn ai đó phải ra đi như một con dê tế thần cho mùa giải đen tối. Có thể đó là Pirlo, nhà cầm quân thất bại trong việc xây dựng một đội bóng mới dựa trên những ý tưởng lãng mạn của ông. Hoặc, sẽ là một ngôi sao nào đó, Paulo Dybala chẳng hạn, để dọn bớt quỹ lương cho thêm một năm nữa đánh bạc vào Ronaldo.\r\n\r\nRõ ràng, cả Ronaldo lẫn Juventus đều đang ở tình cảnh khó xử. Hai bên sẽ phải nhún nhường để tìm ra giải pháp tốt cho nhau.\r\n', NULL, 'Đỗ Hiếu', 1, NULL, NULL),
(5, '2021-03-23 09:46:10', 2, 5, 'Serena phẫu thuật miệng', 'Tay vợt số bảy thế giới Serena Williams rút khỏi Miami Mở rộng khởi tranh tuần này, vì chưa bình phục sau ca phẫu thuật miệng.', '\"Tôi rất buồn vì quyết định không dự Miami Mở rộng\", Serena Williams nói với WTA hôm 21/3. \"Tôi vừa phẫu thuật miệng và cảm thấy chưa sẵn sàng. Miami là giải đấu đặc biệt, bởi đây là nhà tôi. Tôi thất vọng vì không thể gặp cổ động viên, những người đã trải qua năm 2020 nhiều khó khăn. Tôi hy vọng sớm trở lại ở những sự kiện tiếp theo\".\r\n\r\nSerena đã thi đấu 999 trận đơn và đoạt 73 danh hiệu trong sự nghiệp. Ảnh: WTA.\r\n\r\nSerena đã thi đấu 999 trận đơn và đoạt 73 danh hiệu trong sự nghiệp. Ảnh: WTA.\r\n\r\nSerena sẽ sang tuổi 40 vào tháng 8/2021. Sau 22 năm kể từ lần đầu lọt top 10 thế giới, tay vợt Mỹ vẫn đang đứng thứ bảy bảng điểm WTA. Cô là hạt giống cao nhất ở nội dung đơn nữ của Miami Mở rộng năm nay rút lui. Serena không thi đấu từ sau thất bại ở bán kết Australia Mở rộng hôm 18/2, trước Naomi Osaka. Tuần trước, chủ nhân 23 Grand Slam tập ở Florida cùng Grigor Dimitrov.\r\n\r\n\"Serena vô địch Miami nhiều hơn bất cứ tay vợt nào trong lịch sử. Vì thế, chúng tôi rất nhớ cô ấy\", CEO Miami Mở rộng – cựu tay vợt James Blake nói. \"Cô ấy có nhà ở Florida và luôn được yêu thích mỗi khi thi đấu tại đây. Chúng tôi chúc cô ấy những điều tốt đẹp nhất và mong sớm gặp lại cô ấy trên sân đấu\".\r\n\r\nSerena giữ kỷ lục tám lần vô địch Miami Mở rộng. Đây là sự kiện WTA 1000 thành công nhất của cô. Trước cô em nhà Williams, nhiều tên tuổi lớn ở nội dung đơn nam như Roger Federer, Novak Djokovic, Rafael Nadal và Dominic Thiem đều rút khỏi Miami Mở rộng.\r\n\r\nSerena đang cố gắng thi đấu để san bằng kỷ lục 24 Grand Slam của huyền thoại Margaret Court. Cô từng khóc trong phòng họp báo sau trận thua Osaka tại bán kết Australia Mở rộng tháng trước. Tay vợt Mỹ đoạt Grand Slam thứ 23 từ Australia Mở rộng 2017. Cô nghỉ sinh con vào cuối năm đó, rồi trở lại đấu từ tháng 3/2018. Hai năm qua, Serena vào bốn trận chung kết Grand Slam nhưng đều thua.\r\n', NULL, 'Nhân Đạt ', 1, NULL, NULL),
(6, '2021-03-23 09:48:55', 2, 6, 'Giải marathon Nha Trang mở cổng đăng ký', 'VnExpress Marathon Marvelous Nha Trang (diễn ra ngày 19/9) mở cổng cho vận động viên đăng ký từ 9h30 sáng nay, nhóm chạy được ưu đãi lớn chưa từng có.', '1\r\nThể thaoCác môn khácThứ sáu, 19/3/2021, 09:30 (GMT+7)\r\nGiải marathon Nha Trang mở cổng đăng ký\r\nVnExpress Marathon Marvelous Nha Trang (diễn ra ngày 19/9) mở cổng cho vận động viên đăng ký từ 9h30 sáng nay, nhóm chạy được ưu đãi lớn chưa từng có.\r\n\r\nTrong lần đầu đến với Nha Trang, VnExpress Marathon công bố mức giá tương tự giải chạy tại Quy Nhơn và Hạ Long. Giai đoạn bán siêu sớm (Super Early Bird), giá thấp nhất là 250.000 đồng cho cự ly 5 km và 750.000 đồng với 42 km.\r\nSuper Early Birds sẽ kéo dài trong một tháng, từ hôm nay 19/3 đến hết 19/4 để các nhóm có thêm thời gian huy động thành viên. VnExpress Marathon Marvelous Nha Trang đánh dấu tỷ lệ chiết khấu lớn nhất từ trước đến nay cho nhóm, câu lạc bộ.\r\n\r\nNhóm có số lượng càng đông, ưu đãi càng lớn. Khi đạt từ 100 vận động viên, cứ tăng thêm 100 người, nhóm được giảm thêm 2%. Mức chiết khấu cao nhất là 49% với nhóm từ 1.300 như bảng dưới đây:\r\nChính sách nói trên nhằm cổ động nhóm chạy, câu lạc bộ từ khắp mọi miền. Các nhóm, câu lạc bộ ngày càng đóng vai trò quan trọng trong việc lôi kéo thành viên tham gia tập luyện thể dục thể thao, nâng cao sức khoẻ cũng như tầm vóc người Việt. Trước đó, tại các giải VnExpress Marathon tại Hà Nội, Huế, Quy Nhơn và Hạ Long, nhiều đội nhóm đạt số lượng hàng trăm người.\r\n\r\nBên cạnh đó, không khí sôi động và công tác tổ chức chuyên nghiệp của giải cũng thu hút đông đảo người yêu chạy. Trong số hàng nghìn runner tham gia các giải của VnExpress, có không ít người lần đầu tiên tham dự một sự kiện marathon.\r\nNha Trang là thành phố thứ 5 VnExpress Marathon đặt chân đến. Trung tâm du lịch sầm uất hàng đầu khu vực phía Nam từ lâu là điểm đến ưa thích của nhiều người, trong đó có lượng lớn du khách nước ngoài.\r\n\r\nNha Trang có vô số bãi biển đẹp, với hàng loạt khách sạn, khu nghỉ dưỡng, nhà hàng cùng các hoạt động sôi động về đêm. Du khách sẽ không thể bỏ qua những bãi biển sạch với sóng êm và bãi cát trắng trải dài. Những hoạt động du lịch biển gồm lặn, khám phá đảo hoang sơ cũng ngày càng thu hút đông đảo du khách tìm đến trải nghiệm mới.\r\nLần đầu tiên được tổ chức, VM Marvelous Nha Trang 2021 hứa hẹn sẽ tạo nên một ngày hội quy mô. Kết hợp giữa du lịch và thể thao là một ý tưởng độc đáo để nhiều gia đình tận hưởng kỳ nghỉ dưỡng có một không hai ở biển Nha Trang.\r\n\r\nVnExpress Marathon Marvelous Nha Trang 2021 do UBND tỉnh Khánh Hòa phối hợp với VnExpress tổ chức vào ngày 19/9.', NULL, 'Thành Dương', 1, NULL, NULL),
(7, '2021-03-23 09:50:48', 2, 7, 'Anh Khôi bảo vệ ngôi cờ nhanh toàn quốc', 'Với 7,5 điểm sau 9 ván, kỳ thủ Nguyễn Anh Khôi về nhất nội dung cờ nhanh sáng 23/3, tại giải cờ vua toàn quốc 2021.', 'Anh Khôi thắng sáu, hòa ba ván, trong đó có chiến thắng trước Trần Tuấn Minh - người về nhất cờ chớp hôm 21/3. Anh Khôi hòa hai đối thủ cạnh tranh trực tiếp - Nguyễn Ngọc Trường Sơn và Lê Tuấn Minh. Chung cuộc, Lê Tuấn Minh và Trường Sơn được 7 điểm, lần lượt đứng thứ hai và ba.\r\n\r\nAnh Khôi là Đại kiện tướng thứ 11 của Việt Nam, gần đây anh ít thi đấu vì bận học văn hóa.\r\n\r\nAnh Khôi là Đại kiện tướng thứ 11 của Việt Nam, gần đây anh ít thi đấu vì bận học văn hóa.\r\n\r\nỞ nội dung cờ nhanh nữ, kỳ thủ số một Phạm Lê Thảo Nguyên cũng bảo vệ ngôi. Thảo Nguyên - vợ của Trường Sơn - giành 7,5 điểm. Nguyễn Thị Mai Hưng về nhì, cũng với 7,5 điểm, nhưng kém Thảo Nguyên về chỉ số phụ. Vị trí thứ ba bất ngờ thuộc về Nguyễn Thanh Thủy Tiên - kỳ thủ có Elo ban đầu thứ 26.\r\n\r\nAnh Khôi đang là sinh viên năm nhất đại học VinUni, ngành bác sĩ Y khoa. Giải năm nay, anh chỉ thi đấu cờ nhanh và chớp. Còn Thảo Nguyên đã vô địch cờ nhanh toàn quốc năm thứ tư liên tiếp.\r\n\r\nGiải cờ vua toàn quốc tranh cúp LienVietPostBank, còn gọi là giải A1, diễn ra từ 21/3 đến 30/3 tại Nhà thi đấu quận 1, TP HCM. Giải đã tuyển chọn 130 kỳ thủ tham dụ, đến từ 15 đoàn, quy tụ đủ kỳ thủ hàng đầu Việt Nam, ngoại trừ Lê Quang Liêm không thể dự vì đang ở Mỹ. Họ thi đấu ba nội dung: cờ chớp, cờ nhanh và cờ tiêu chuẩn, theo thứ tự đó. Ở cờ chớp, Trần Tuấn minh nhất nam và Nguyễn Thiên Ngân nhất nữ.\r\n\r\nNội dung được kỳ vọng nhất - cờ tiêu chuẩn - diễn ra từ 24/3 đến 30/3. Những kỳ thủ giật thành tích cao ở cờ tiêu chuẩn có thể được chọn lọc để dự SEA Games vào cuối năm, hay các giải quốc tế.\r\n', NULL, 'Xuân Bình', 1, NULL, NULL),
(8, '2021-03-23 09:52:14', 2, 8, 'Tuyển thủ U18 Italy treo giày để học Harvard', 'Alessandro Arlotti, từng thi đấu tại U17 World Cup năm 2019, quyết định kết thúc sự nghiệp cầu thủ nhà nghề ở tuổi 18 để theo học tại Harvard.', 'Arlotti trúng tuyển vào Harvard - đại học Mỹ danh tiếng hàng đầu thế giới, vào tháng hai năm ngoái. Và cầu thủ 18 tuổi không đắn đo nhiều khi quyết định dừng chơi bóng đá để sang Mỹ nhập học Havard.\r\n\r\n\"Tôi cảm thấy mình không thể bỏ qua cơ hội này\", Arlotti kể với RMC Sport. \"Nhiều người bảo tôi cứ suy nghĩ kỹ rồi hãy quyết định. Bạn bè, các đồng đội, các HLV, và có cả những người tôi không quen biết trên mạng xã hội nữa. Họ không đồng tình với quyết định của tôi\".\r\n\r\nArlotti trong màu áo U17 Italy.\r\n\r\nArlotti trong màu áo U17 Italy.\r\n\r\nDù vậy, Arlotti sẽ không từ bỏ hẳn niềm đam mê với trái. Sang Mỹ, anh sẽ chơi bóng cho đội của trường - Harvard Crimson, và tham dự Ivy League, giải đấu quy tụ tám trường đại học hàng đầu vùng Đông Bắc nước Mỹ.\r\n\r\nTrước Arlotti, Gianluca, người anh ruột từng khoác áo đội trẻ Monaco và Cannes, cũng từ bỏ nghiệp cầu thủ để sang Mỹ theo học kinh tế tại Đại học Boston. Chính Gianluca đã khuyên em trai tham dự Ivy League khi theo học tại Havard. \"Anh tôi nói rằng bóng đá ở đây sử dụng ít kỹ thuật hơn, nhưng lại rất mạnh về thể chất\", Arlotti kể thêm.\r\n\r\nArlotti sinh ngày 2/4/2002 và là cầu thủ đầy tiềm năng. Anh từng khoác áo đội U17 Italy, dự giải U17 châu Âu và World Cup U17 năm 2019.\r\n\r\nTừ 2016 đến 2018, Arlotti ghi tới 60 bàn ở các giải trẻ và là đội trưởng của U17 Monaco. Tháng 9/2020, Arlotti đầu quân cho Pescara ở Serie B. Tuy nhiên, khi còn chưa được ra mắt ở giải, anh quyết định theo nghiệp học thuật.\r\n\r\n\"Arlotti, một cầu thủ tiềm năng người Italy, từng ăn tập tại lò đào tạo trẻ của Monaco, giờ đây được kỳ vọng trở thành những nhân vật tầm cỡ như Barack Obama, Franklin Delano Roosevelt và Bill Gates, những cựu sinh viên của Harvard\", tờ AS nhận định.\r\n', NULL, 'Hồng Duy', 1, NULL, NULL),
(13, '2021-03-23 09:53:15', 3, 9, '10 năm điều tra án mạng không dấu vết', 'Cái chết của đôi tình nhân đang ngồi tâm sự trong công viên khiến cả tỉnh Chiết Giang chấn động song mất 10 năm điều tra cảnh sát mới tìm ra thủ phạm.', 'Vụ án xảy ra tối 4/11/2000 tại công viên Vạn Hướng, thành phố Hàng Châu. Nạn nhân nam tên Tả Lực, 18 tuổi. Nạn nhân nữ là Kim Tinh, 19 tuổi. Hai người là đồng nghiệp tại ngân hàng.\r\n\r\nCông viên này nằm ở khu đông dân cư, 21h lúc xảy ra án mạng vẫn có nhiều người tập thể dục trong công viên nhưng vị trí của hai nạn nhân tương đối khuất nên không ai chứng kiến vụ án.\r\n\r\nTả Lực (trái) và Kim Tinh. Ảnh: CCTV.\r\nTả Lực (trái) và Kim Tinh. Ảnh: CCTV.\r\n\r\nHai nạn nhân bị đâm rất nhiều nhát dao. Tinh bị mất sợi dây chuyền vàng và chiếc ví da, Lực mất chiếc điện thoại đắt tiền, đồng hồ đeo tay và toàn bộ tiền mặt trong ví, chỉ có trong túi quần còn 8 nhân dân tệ tiền lẻ.\r\n\r\nTheo nhận định ban đầu của cảnh sát, đây là vụ cướp của giết người không phải do người địa phương thực hiện. Nếu là người địa phương, hung thủ sẽ không chọn địa điểm gây án tương đối đông người như vậy.\r\n\r\nHiện trường có nhiều cỏ dại nên cảnh sát không tìm được dấu chân hung thủ. Chiếc ví của Lực được may bằng vải bạt nên cũng không lấy được dấu vân tay.\r\n\r\nViệc khống chế và sát hại hai nạn nhân là rất khó khăn. Tả Lực cao 1m79, to khỏe. Kim Tinh cao 1m59, hơi mập, không phải mẫu người yếu ớt. Vì vậy, cảnh sát nhận định phải có ít nhất hai hung thủ.\r\n\r\nDù không tận mắt chứng kiến, nhiều người tập thể dục vẫn có thể cung cấp nhiều manh mối liên quan như có hai thanh niên cao từ 1m65 đến 1m7 vội vã chạy từ phía hiện trường vụ án về phía bờ sông gần đó. Có người còn nghe thấy từ phía hai nạn nhân truyền đến tiếng ú ớ như tiếng kêu của người câm điếc và một giọng đàn ông miền Bắc ra lệnh \"chuồn thôi\".\r\n\r\nTheo đường chạy của nghi phạm, cảnh sát tìm được một số vết máu dạng nhỏ giọt dưới đất, dọc theo bờ sông, qua bên kia cầu rồi biến mất cạnh đường cái sát công viên. Đây không phải máu của nạn nhân nên rất có thể hung thủ đã bị thương.\r\n\r\nNhận định hung thủ có thể rời hiện trường bằng taxi hoặc xe ba gác, cảnh sát tìm gặp hàng trăm tài xế thường đón khách ở khu vực này. Tuy vậy, tất cả tài xế được hỏi đều nói vào lúc hơn 9h tối hôm ấy chưa từng chở hai khách nam giới mà trong đó có người bị thương.\r\n\r\nRà soát lại đường trốn của nghi phạm, cảnh sát phát hiện trên hộ lan bên bờ sông có vết máu nhỏ được cho là của hung thủ. Trong khi tất cả vết máu khác đều là dạng nhỏ giọt xuống đất có phương hướng theo hướng chạy của nghi phạm, vết máu này lại có hướng ngang về phía mặt sông, rất có thể xuất hiện khi nghi phạm ném vật gì đó xuống sông.\r\n\r\nGần 20 cảnh sát được huy động mò vớt suốt một tuần ở đoạn sông này nhưng không tìm thấy gì. Tuy nhiên, khi được hút cạn, dòng sông để lộ vật chứng then chốt của vụ án: con dao găm được cho là hung khí.\r\n\r\nCon dao găm có hình dạng rất đặt biệt. Cán dao được làm bằng gỗ màu, trên lưỡi dao có hàng chữ tiếng Anh: Jack Ripper. Vì Jack Ripper là sát nhân hàng loạt nổi tiếng tại Anh, cảnh sát đặt giả thuyết hung thủ có thể định bắt chước giết người hàng loạt, nhưng giả thuyết này đã bị bác bỏ.\r\n\r\nCon dao hung khí. Ảnh: CCTV.\r\nCon dao hung khí. Ảnh: CCTV.\r\n\r\nTừ đặc điểm hung khí, cảnh sát tìm được nhà sản xuất. Cơ sở sản xuất này nhận được đơn đặt hàng của nhà buôn người nước ngoài, dòng chữ Jack Ripper trên lưỡi dao cũng là yêu cầu của người đặt hàng. Tuy nhiên người đặt không đến.\r\n\r\nCả lô hàng gồm 270 con dao, nhà sản xuất giữ lại 30 con, còn 240 con được bán đến chợ bán buôn Nghĩa Ô. Từ đây, số dao này lại được bán tiếp đến các tỉnh lân cận như Sơn Đông, Thượng Hải, Giang Tô... Sau bốn tháng điều tra, cảnh sát đã tìm được chủ sở hữu của 231 con dao, nhưng vẫn còn 9 con không tìm được người mua. Hướng điều tra này cũng đứt đoạn.\r\n\r\nSau khi xảy ra vụ án, hai nạn nhân được mai táng cùng nhau. Ban đầu hai bên gia đình thường an ủi động viên nhau cho tới khi có tin đồn vụ giết người có mục đích trả thù. Theo tin đồn, ông nội của Tả Lực là trưởng thôn, trước từng tố cáo một lãnh đạo xã tham ô nên kẻ này thuê người giết cháu nội ông để triệt đường hậu duệ.\r\n\r\nTừ khi có tin đồn, cha mẹ Tinh cho rằng đổ lỗi cho ông nội Lực hại con gái mình chết oan. Thậm chí cha của Lực cũng tin đây là vụ trả thù.\r\n\r\nBị đổ oan, ông nội Lực ngày ngày đến công viên hỏi thăm tìm manh mối, đồng thời treo thưởng 50.000 nhân dân tệ cho người nào có thể cung cấp manh mối. Đồng thời, ông cũng viết đơn yêu cầu nhà chức trách xác nhận mình chưa từng tố cáo ai để bác bỏ tin đồn. Tuy nhiên, tờ xác nhận có đóng dấu đỏ của cơ quan chức năng cũng không thể thuyết phục được gia đình Tinh. Ông nội Lực liền nâng mức thưởng lên đến 500.000 nhân dân tệ.\r\n\r\nĐồng thời, ban chuyên án cũng không ngừng tăng mức thưởng cho người cung cấp tin tức. Từ khi xảy ra vụ án tới năm 2003, mức thưởng đã tăng từ 20.000 nhân dân tệ đến 80.000 nhân dân tệ. Ban chuyên án cũng nhận được hàng ngàn cuộc điện thoại và thư từ khắp nơi gửi về cung cấp thông tin, cử hàng ngàn lượt người đến các tỉnh thành trong cả nước để xác minh thông tin nhưng vẫn không có thông tin nào có giá trị.\r\n\r\nHai năm sau vụ án, năm 2002, công an tỉnh Chiết Giang thành lập phòng xét nghiệm ADN. Mỗi khi trong tỉnh có vụ án tương tự, ban chuyên án lại phái người lấy mẫu ADN của nghi phạm đối chiếu với ADN của hung thủ trong vụ án cũ.\r\n\r\nĐến năm 2008, Chiết Giang thành lập kho dữ liệu ADN của tỉnh, việc đối chiếu được tự động hóa khi có mẫu ADN mới được nhập vào kho. Năm 2010, chỉ vài tháng sau khi kho dữ liệu ADN của các tỉnh được kết nối với nhau, ban chuyên án nhận được tin mừng đến từ thành phố Tế Nam, tỉnh Sơn Đông, cách đó hàng nghìn km.\r\n\r\nVương Quảng Bân, 38 tuổi, là chủ quán nhậu đồ nướng. Ngày 28/10/2010, Bân xảy ra xô xát với khách hàng và bị đưa về đồn. Khi cảnh sát vừa nhập mẫu ADN của Bân vào hệ thống theo quy định, hệ thống nhanh chóng thông báo ADN của Bân trùng khớp với nghi phạm của vụ án năm 2000 tại Hàng Châu. Ngày 4/11/2010, đúng 10 năm sau vụ án, Bân và đồng phạm là Vũ Khải bị áp giải về Hàng Châu.\r\n\r\nTheo hai nghi phạm, tháng 11/2000, Khải thất tình nên rủ Bân đến Hàng Châu du lịch cho khuây khỏa. Do chi tiêu quá trớn, bọn chúng không còn tiền bắt tàu xe về Tế Nam nên bàn nhau đi cướp.\r\n\r\nTối 4/11/2000, bọn chúng thấy đôi tình nhân trẻ trong công viên liền dùng dao đe dọa để cướp tài sản. Không ngờ hai nạn nhân chống cự quyết liệt, chúng sợ có người xung quanh phát hiện nên hạ sát. Tiếng ú ớ có người gần đó nghe thấy thực ra là tiếng kêu của Tinh khi bị đâm trúng họng chứ không phải tiếng kêu của người câm điếc.\r\n\r\nSau khi về Tế Nam, bọn chúng thống nhất sẽ không bao giờ nhắc lại chuyện này. Vài năm sau thấy vẫn yên ổn, cả hai đều lấy vợ sinh con, tu chí làm ăn, thậm chí không dám nghĩ lại vụ án này nữa. Vì vậy một số thông tin về vụ án như mua dao ở đâu, rời hiện trường bằng phương tiện gì, bọn chúng cũng không nhớ.\r\n\r\nTháng 4/2011, cả hai hung thủ Bân và Khải đều bị tòa án thành phố Hàng Châu tuyên tử hình về tội Cố ý giết người và Cướp tài sản.\r\n', NULL, 'Khang Diệp', 1, NULL, NULL),
(14, '2021-03-23 09:53:15', 3, 10, 'Không trả thêm tiền \'ngày đèn đỏ\', công ty bị phạt thế nào?', 'Tôi và các đồng nghiệp nữ thỏa thuận với công ty rằng \"ngày đèn đỏ\" vẫn làm việc bình thường và bù lại sẽ được trả thêm lương. (Bích Vy)\r\nXin hỏi nếu công ty sau đó không làm theo thỏa thuận có bị xử phạt hay không?', 'Luật sư tư vấn\r\n\r\nTheo điểm a khoản 3 điều 80 Nghị định 145/2020/NĐ-CP, lao động nữ trong thời gian hành kinh có quyền được nghỉ mỗi ngày 30 phút tính vào thời giờ làm việc và vẫn được hưởng đủ tiền lương theo hợp đồng lao động.\r\n\r\nSố ngày có thời gian nghỉ trong thời gian hành kinh do hai bên thỏa thuận phù hợp với điều kiện thực tế tại nơi làm việc và nhu cầu của lao động nữ nhưng tối thiểu là ba ngày làm việc trong một tháng; thời điểm nghỉ cụ thể của từng tháng do người lao động thông báo với người sử dụng lao động.\r\n\r\nTheo điểm c khoản 3 điều 80 Nghị định 145/2020/NĐ-CP, trường hợp lao động nữ không có nhu cầu nghỉ và được người sử dụng lao động đồng ý để người lao động làm việc thì ngoài tiền lương được hưởng theo quy định, người lao động được trả thêm tiền lương theo công việc mà người lao động đã làm trong thời gian được nghỉ. Thời gian làm việc này không tính vào thời giờ làm thêm của người lao động.\r\n\r\nNếu không trả thêm tiền lương theo công việc mà lao động nữ đã làm trong thời gian hành kinh, người sử dụng lao động có thể bị phạt tiền từ 500.000 đồng đến một triệu đồng theo điểm b khoản 1 điều 27 Nghị định 28/2020/NĐ-CP (đối với người sử dụng lao động là tổ chức sẽ bị phạt tiền 1-2 triệu đồng).\r\n', NULL, 'Luật sư Phạm Thanh Hữu', 1, NULL, NULL),
(15, '2021-03-23 09:56:12', 4, 11, 'Những trường quân đội nào tuyển nữ?', 'Năm 2021, các trường quân đội chỉ tuyển 81 học viên nữ trong tổng số gần 5.400 chỉ tiêu, trong đó Học viện Quân y tuyển nhiều nhất.', 'Theo Ban Tuyển sinh quân sự Bộ Quốc phòng, năm 2021 chỉ 3 trong số 17 trường quân đội có chỉ tiêu dành cho thí sinh nữ.\r\n\r\nHọc viên Quân y dành khoảng 10% trong số 412 chỉ tiêu cho các ngành Bác sĩ quân y. Cụ thể, trường xét tuyển 21 thí sinh nữ và tuyển thẳng 5 người ở phía bắc, xét tuyển 11 và tuyển thẳng 3 ở phía nam, tổng là 40 nữ.\r\n\r\nHọc viện Khoa học quân sự tuyển 8 thí sinh nữ, trong đó ngành Ngôn ngữ Anh 4 em, Ngôn ngữ Nga 2 và Ngôn ngữ Trung Quốc 2.\r\n\r\nHọc viện Kỹ thuật quân sự tuyển không quá 6% tổng chỉ tiêu vào các ngành Công nghệ thông tin, Điện tử viễn thông, Điện tử Y sinh, Khí tài quang, Địa tin học. Trong đó, phía bắc tuyển 21 chỉ tiêu nữ, phía nam là 12. Đối với các ngành được giao chỉ tiêu tuyển thí sinh nữ, mỗi ngành tuyển ít nhất 2 em.\r\n\r\nNgoài đáp ứng các tiêu chuẩn chung về lý lịch chính trị, độ tuổi, văn hóa, thí sinh nữ phải cao 1,54 m trở lên, cân nặng từ 48 kg. Các em được mắc tật khúc xạ cận thị không quá 3 đi-ốp.\r\n\r\nNhững thí sinh có hộ khẩu thường trú từ 3 năm trở lên thuộc khu vực 1, hải đảo và thí sinh là người dân tộc thiểu số dự tuyển vào các trường sẽ không bị áp các tiêu chuẩn chiều cao, cân nặng và tật khúc xạ kể trên.\r\n\r\nĐể đăng ký xét tuyển các trường quân đội, mỗi thí sinh phải làm hai hồ sơ riêng biệt, một bộ đăng ký sơ tuyển do Ban tuyển sinh quân sự Bộ Quốc phòng phát hành, một bộ do Bộ Giáo dục và Đào tạo phát hành.\r\n\r\nThí sinh ngoài quân đội đăng ký sơ tuyển và mua hồ sơ tại Ban tuyển sinh quân sự cấp huyện, nơi đăng ký hộ khẩu thường trú. Thí sinh là quân nhân đang tại ngũ đăng ký và mua tại đơn vị cấp trung đoàn hoặc tương đương.\r\n\r\nKhi đăng ký sơ tuyển, thí sinh phải xét tuyển nguyện vọng 1 (cao nhất) vào trường nộp hồ sơ, các nguyện vọng còn lại vào các trường ngoài quân đội (thực hiện đăng ký theo quy định của Bộ Giáo dục và Đào tạo). Các em cần lưu ý trường quân đội và công an đều chỉ xét tuyển đối với thí sinh đăng ký nguyện vọng 1, vì vậy chỉ làm hồ sơ sơ tuyển vào một trong hai khối trường.\r\n\r\nNăm nay, các địa phương, đơn vị tổ chức sơ tuyển cho thí sinh từ ngày 1/3 đến 25/4. Sau thời gian này, nếu còn người đăng ký tham gia sơ tuyển, các địa phương, đơn vị sẽ tiếp tục tổ chức khám sức khỏe cho thí sinh.', NULL, 'Dương Tâm ', 1, NULL, NULL),
(16, '2021-03-23 09:56:12', 4, 12, 'Những trường quân đội nào tuyển nữ? test của điểm thi', 'Năm 2021, các trường quân đội chỉ tuyển 81 học viên nữ trong tổng số gần 5.400 chỉ tiêu, trong đó Học viện Quân y tuyển nhiều nhất.', 'Theo Ban Tuyển sinh quân sự Bộ Quốc phòng, năm 2021 chỉ 3 trong số 17 trường quân đội có chỉ tiêu dành cho thí sinh nữ.\r\n\r\nHọc viên Quân y dành khoảng 10% trong số 412 chỉ tiêu cho các ngành Bác sĩ quân y. Cụ thể, trường xét tuyển 21 thí sinh nữ và tuyển thẳng 5 người ở phía bắc, xét tuyển 11 và tuyển thẳng 3 ở phía nam, tổng là 40 nữ.\r\n\r\nHọc viện Khoa học quân sự tuyển 8 thí sinh nữ, trong đó ngành Ngôn ngữ Anh 4 em, Ngôn ngữ Nga 2 và Ngôn ngữ Trung Quốc 2.\r\n\r\nHọc viện Kỹ thuật quân sự tuyển không quá 6% tổng chỉ tiêu vào các ngành Công nghệ thông tin, Điện tử viễn thông, Điện tử Y sinh, Khí tài quang, Địa tin học. Trong đó, phía bắc tuyển 21 chỉ tiêu nữ, phía nam là 12. Đối với các ngành được giao chỉ tiêu tuyển thí sinh nữ, mỗi ngành tuyển ít nhất 2 em.\r\n\r\nNgoài đáp ứng các tiêu chuẩn chung về lý lịch chính trị, độ tuổi, văn hóa, thí sinh nữ phải cao 1,54 m trở lên, cân nặng từ 48 kg. Các em được mắc tật khúc xạ cận thị không quá 3 đi-ốp.\r\n\r\nNhững thí sinh có hộ khẩu thường trú từ 3 năm trở lên thuộc khu vực 1, hải đảo và thí sinh là người dân tộc thiểu số dự tuyển vào các trường sẽ không bị áp các tiêu chuẩn chiều cao, cân nặng và tật khúc xạ kể trên.\r\n\r\nĐể đăng ký xét tuyển các trường quân đội, mỗi thí sinh phải làm hai hồ sơ riêng biệt, một bộ đăng ký sơ tuyển do Ban tuyển sinh quân sự Bộ Quốc phòng phát hành, một bộ do Bộ Giáo dục và Đào tạo phát hành.\r\n\r\nThí sinh ngoài quân đội đăng ký sơ tuyển và mua hồ sơ tại Ban tuyển sinh quân sự cấp huyện, nơi đăng ký hộ khẩu thường trú. Thí sinh là quân nhân đang tại ngũ đăng ký và mua tại đơn vị cấp trung đoàn hoặc tương đương.\r\n\r\nKhi đăng ký sơ tuyển, thí sinh phải xét tuyển nguyện vọng 1 (cao nhất) vào trường nộp hồ sơ, các nguyện vọng còn lại vào các trường ngoài quân đội (thực hiện đăng ký theo quy định của Bộ Giáo dục và Đào tạo). Các em cần lưu ý trường quân đội và công an đều chỉ xét tuyển đối với thí sinh đăng ký nguyện vọng 1, vì vậy chỉ làm hồ sơ sơ tuyển vào một trong hai khối trường.\r\n\r\nNăm nay, các địa phương, đơn vị tổ chức sơ tuyển cho thí sinh từ ngày 1/3 đến 25/4. Sau thời gian này, nếu còn người đăng ký tham gia sơ tuyển, các địa phương, đơn vị sẽ tiếp tục tổ chức khám sức khỏe cho thí sinh.', NULL, 'Dương Tâm  test', 1, NULL, NULL),
(17, '2021-03-23 09:56:12', 4, 14, 'Các loại đồ ăn trong tiếng Anh', 'Khi muốn rủ ai đó ăn gà rán, hamburger, bạn hãy dùng từ \"fast food\", còn nếu muốn đề cập những món ăn nấu tại nhà, từ \"home-cooked meal\" sẽ phù hợp.\r\n', '1. Fast food\r\n\r\n\"Fast food\" là đồ ăn nhanh, nghĩa là loại thức ăn được phục vụ nhanh chóng tại quầy hay các nhà hàng. Đồ ăn nhanh thường là gà rán, hamburger, mỳ Ý, ăn kèm khoai tây chiên và nước ngọt có ga. Những loại đồ ăn này thường được chiên, rán nhiều dầu mỡ, lượng chất béo cao nhưng tiện lợi và nhanh chóng.\r\n\r\nChẳng hạn: \"When I’m busy with school, I usually end up eating fast food\" (Khi bận đi học, tôi thường ăn đồ ăn nhanh).\r\n\r\n2. Home-cooked meal\r\n\r\nNếu không dùng bữa tại nhà hàng, bạn sẽ nấu ăn tại nhà và cụm từ để chỉ việc này là \"home-cooked meal\". Ví dụ: \"Whenever I get home early from work, I make myself a nice home-cooked meal\" (Bất cứ khi nào đi làm về sớm, tôi sẽ tự nấu cho mình một bữa thật ngon tại nhà).\r\n\r\n3. One-pot meal\r\n\r\nNghĩa đen của cụm từ này là \"bữa ăn một nồi\", nghĩa bóng là ăn lẩu. Bạn sẽ cho mọi nguyên liệu mình có, từ rau đến thịt, hải sản và các đồ ăn kèm khác vào một chiếc nồi đang sôi. Trong một số ngữ cảnh, cụm từ này có thể được dùng để chỉ việc nấu ăn tối giản, chỉ sử dụng một chiếc nồi để chế biến duy nhất một món.\r\n\r\nChẳng hạn: \"If I’m too tired to cook, I just make a quick and easy one-pot meal\" (Tôi quá mệt để nấu ăn nên sẽ nấu một món duy nhất trên chiếc nồi của mình cho nhanh).\r\n\r\nẢnh: Shutterstock\r\nẢnh: Shutterstock\r\n\r\n4. Dessert\r\n\r\n\"Dessert\" nghĩa là món tráng miệng, gồm bánh ngọt, kem, hoa quả... được phục vụ vào cuối bữa ăn. Ví dụ: \"My grandma makes amazing cookies, cakes and pies. I always look forward to dessert when I go to her house\" (Bà tôi làm bánh quy, bánh ngọt và bánh nướng rất tuyệt. Tôi luôn mong chờ những món tráng miệng này khi đến thăm bà).\r\n\r\n5. To have a sweet tooth\r\n\r\nCụm từ này để chỉ những người thích ăn ngọt. Trong giao tiếp, khi tự nhận mình thích đồ ngọt, bạn đang gợi ý đi ăn những món này.\r\n\r\nChẳng hạn: \"I’ll admit I have a sweet tooth because I can never say no to cakes and ice cream\" (Tôi thừa nhận mình thích ăn ngọt và không bao giờ từ chối được bánh ngọt và kem).\r\n\r\n6. To eat healthy\r\n\r\nMang nghĩa ăn uống lành mạnh, cụm từ này chỉ thói quen chọn thực phẩm tốt cho sức khỏe. \"To have a sweet tooth\", khi ai đó nói \"eat healthy\", họ đang hướng tới những món ăn nhiều rau xanh, ít chất béo..., tốt cho cơ thể. Hiển nhiên, đồ ăn nhanh không nằm trong danh sách này.\r\n\r\nVí dụ: \"No matter how busy I am, I try to eat healthy and exercise every day\" (Dù bận đến đâu, tôi cũng cố gắng ăn uống lành mạnh và tập thể dục mỗi ngày).\r\n', NULL, 'Thanh Hằng', 1, NULL, NULL),
(18, '2021-03-23 09:56:12', 4, 15, 'Doanh nghiệp IT tìm lời giải bài toán nhân sự ổn định', 'Lifetek, Citek - những công ty IT có nhu cầu tuyển dụng lớn trong năm 2021 tìm giải pháp nhân sự qua hợp tác đào tạo và tuyển dụng cùng FUNiX.', 'Công ty chuyên về phần mềm và thiết bị điện tử Lifetek đang cần tuyển nhiều nhân sự trẻ, mới ra trường hoặc có 1- 3 năm kinh nghiệm với mức lương trung bình từ 500 đến 1200 USD.\r\n\r\n\"Trước mắt, chúng tôi cần tuyển khoảng 20 lập trình viên chuyên về React, Nodejs, Native... trong vòng 3 tháng tới\", ông Nguyễn Mạnh Trường, CEO công ty Lifetek cho biết.\r\nCEO Lifetek cũng cho biết tuy công ty có nhu cầu lớn và đãi ngộ hấp dẫn nhưng vấn đề nhân viên công nghệ \"nhảy\" việc, có thời gian gắn bó ngắn đang gây ra những trở ngại nhất định cho doanh nghiệp.\r\n\r\nDo đó, Lifetek đặt mục tiêu chiến lược là tìm kiếm nguồn nhân sự chất lượng, gắn bó lâu dài. Lifetek hợp tác cùng đơn vị đào tạo trực tuyến FUNiX từ giữa tháng 3, thông qua kết hợp đào tạo và tuyển dụng. CEO Nguyễn Mạnh Trường chia sẻ, Lifetek kỳ vọng hợp tác giữa hai đơn vị sẽ giúp giải bài toán về nguồn nhân sự chất lượng cao và có thể gắn bó lâu dài cùng doanh nghiệp.\r\n\r\n\"Với môi trường làm việc trẻ, năng động, mức đãi ngộ hấp dẫn và cơ hội nâng cao kiến thức chuyên môn, Lifetek có thể là nơi làm việc lý tưởng với nhiều bạn trẻ, trong đó có sinh viên FUNiX. Đặc biệt, công ty luôn chào đón sinh viên đến thực tập, học tập, đồng thời, cam kết sẽ cử chuyên gia tham gia xây dựng chương trình đào tạo và làm mentor tại FUNiX\", ông nói thêm.\r\n\r\nCông ty cổ phần công nghệ Citek, đơn vị chuyên tư vấn và triển khai giải pháp ERP SAP S/4 HANA cho các doanh nghiệp tại Việt Nam, cũng ký kết hợp tác đào tạo và tuyển dụng cùng FUNiX trong tháng 3.', NULL, 'Vân Nguyễn - Quỳnh Anh', 1, NULL, NULL),
(19, '2021-03-23 09:56:12', 4, 13, 'Vietint nhận hồ sơ và phỏng vấn học bổng trực tuyến', 'Vietint nhận hồ sơ, cấp thư mời nhập học và phỏng vấn học bổng trực tuyến tại Triển lãm du học Anh - Australia - Mỹ - Canada 2021.', 'Cũng trong khuôn khổ chương trình này, Du học Vietint sẽ tổ chức ngày hội \"On-the-spot offer day\" với trường Đại học Leeds, thuộc nhóm Russell Group. Tại đây, học sinh, viên viên sẽ có cơ hội phỏng vấn trực tiếp với đại diện trường và xét hồ sơ xin học, nhận thư mời nhập học ngay lập tức và săn học bổng dự bị đại học trị giá đến 120 triệu đồng\r\n\r\nNgoài ra, người tham dự còn có cơ hội săn học bổng 10-100%; hiểu thêm về sự thay đổi của các ngành học đang thu hút nhân lực và có mức thu nhập cao kể từ sau Covid-19.\r\nHọc sinh quan tâm tới du học Mỹ và Canada có thể tham khảo các chương trình sau: Học bổng đến 100% học phí của Đại học Full Sail; học bổng đến 25.000 USD của Đại học Elmhurst và học bổng đến 65% học phí của Đại học Pace.\r\n\r\nBên cạnh đó, người tham gia sẽ gặp gỡ trực tuyến đại diện tuyển sinh các trường trung học, cao đẳng và đại học đến từ các quốc gia có nền giáo dục hàng đầu thế giới.\r\n\r\nCác trường đại học có thứ hạng cao sẽ tham gia sự kiện gồm: Đại học Bristol, De Montfort, Middlesex, Greenwich, Lincoln, East Anglia, Nottingham, Sheffield, Leeds, Essex, Queen’s Belfast, Strathclyde, Westminster, Sussex, Man Metropolitant, Mander Portman Woodward (MPW), Aston vàToronto Film School.\r\n\r\nVietint hướng dẫn miễn phí toàn bộ quy trình để chuẩn bị bộ hồ sơ xin học bổng hoàn chỉnh. Trung tâm này cung sẽ tư vấn lộ trình du học thông minh, tiết kiệm thời gian và chi phí, đồng thời, định hướng những ngành nghề học phù hợp với xu hướng tuyển dụng trong tương lai dựa trên năng lực học tập, tài chính và những nhu cầu, mục đích của của từng học sinh, sinh viên.', NULL, 'Nhật Lệ', 1, NULL, NULL),
(20, '2021-03-23 10:04:32', 5, 16, 'Việt Nam trong nhóm \'an toàn dịch tễ\' được Nga chào đón', 'Sinh viên Việt Nam nằm trong số nhóm 25 nước “an toàn dịch tễ\", được phép trở lại Nga học tập.', 'Sinh viên nước ngoài, nghiên cứu sinh, người định cư, sinh viên dự bị được phép trở lại Nga để tiếp tục học tập, làm việc, theo thông cáo ngày 20/3 của Bộ Khoa học và Giáo dục Đại học Liên bang Nga.\r\n\r\nBộ này đã lập danh sách 25 nước \"an toàn dịch tễ\", bao gồm Việt Nam, Hy Lạp, Ai Cập, Ấn Độ, Cuba, Phần Lan, Thụy Sĩ, Hàn Quốc, Nhật Bản... Danh sách các nước \"an toàn\" nhập cảnh Nga sẽ cập nhật thường xuyên, được trường đại học thông báo tới sinh viên qua tài khoản cá nhân, web trường và trang mạng xã hội chính thức.\r\n\r\nNgười dân đi lại tại ở trung tâm Saint Petersburg, Nga, ngày 28/3. Ảnh: Reuters\r\nNgười dân đi lại ở trung tâm Saint Petersburg, Nga, ngày 28/3. Ảnh: Reuters.\r\n\r\nTheo Bộ Khoa học và Giáo dục Đại học Liên bang Nga, điều kiện để trở lại trường là sinh viên phải thông báo cho trường đại học bằng email ít nhất 10 ngày, kết quả xét nghiệm PCR âm tính nCoV không quá 3 ngày trước khi nhập cảnh. Trong vòng 72 giờ vào lãnh thổ Nga, sinh viên phải xét nghiệm PCR lần thứ hai và tự cách ly ở nơi cư trú. Việc học tập, đào tạo được thực hiện trực tuyến.\r\n\r\nTrong thời gian tự cách ly, nếu có biểu hiện mắc Covid-19 như sốt, đau họng, sổ mũi, ho, khó thở, sinh viên phải lập tức thông báo cho trường đại học và liên hệ bác sĩ.\r\n\r\nHiện Nga ghi nhận hơn 4,4 triệu ca nhiễm nCoV, ít nhất 95.800 người tử vong. Ngày 23/3, nước này ghi nhận hơn 8.400 ca nhiễm mới. Tình hình dịch bệnh ở nhiều nước châu Âu còn diễn biến phức tạp. Mới đây, Pháp đã phong tỏa trở lại thủ đô Paris. Đức cũng từ bỏ kế hoạch nới biện pháp giãn cách. Tổng thống Vladimir Putin hôm nay cho biết sẽ tiêm vaccine Sputnik V ngừa Covid-19.\r\n\r\nSputnik V được Bộ Y tế Việt Nam phê duyệt khẩn cấp chiều 23/3, nhằm phục vụ nhu cầu cấp bách trong phòng chống Covid-19. Đây là vaccine Covid-19 thứ hai được Việt Nam phê duyệt, sau AstraZeneca.\r\n', NULL, 'Thục Linh', 1, NULL, NULL);
INSERT INTO `Tin` (`IdTin`, `NgayDang`, `IdTL`, `IdLT`, `Tieude`, `TomTat`, `Content`, `UrlAnh`, `Tacgia`, `IdUser`, `Solanxem`, `AnHien`) VALUES
(21, '2021-03-23 10:04:32', 5, 17, 'Việt Nam trong nhóm \'an toàn dịch tễ\' được Nga chào đón', 'Sinh viên Việt Nam nằm trong số nhóm 25 nước “an toàn dịch tễ\", được phép trở lại Nga học tập.', 'Sinh viên nước ngoài, nghiên cứu sinh, người định cư, sinh viên dự bị được phép trở lại Nga để tiếp tục học tập, làm việc, theo thông cáo ngày 20/3 của Bộ Khoa học và Giáo dục Đại học Liên bang Nga.\r\n\r\nBộ này đã lập danh sách 25 nước \"an toàn dịch tễ\", bao gồm Việt Nam, Hy Lạp, Ai Cập, Ấn Độ, Cuba, Phần Lan, Thụy Sĩ, Hàn Quốc, Nhật Bản... Danh sách các nước \"an toàn\" nhập cảnh Nga sẽ cập nhật thường xuyên, được trường đại học thông báo tới sinh viên qua tài khoản cá nhân, web trường và trang mạng xã hội chính thức.\r\n\r\nNgười dân đi lại tại ở trung tâm Saint Petersburg, Nga, ngày 28/3. Ảnh: Reuters\r\nNgười dân đi lại ở trung tâm Saint Petersburg, Nga, ngày 28/3. Ảnh: Reuters.\r\n\r\nTheo Bộ Khoa học và Giáo dục Đại học Liên bang Nga, điều kiện để trở lại trường là sinh viên phải thông báo cho trường đại học bằng email ít nhất 10 ngày, kết quả xét nghiệm PCR âm tính nCoV không quá 3 ngày trước khi nhập cảnh. Trong vòng 72 giờ vào lãnh thổ Nga, sinh viên phải xét nghiệm PCR lần thứ hai và tự cách ly ở nơi cư trú. Việc học tập, đào tạo được thực hiện trực tuyến.\r\n\r\nTrong thời gian tự cách ly, nếu có biểu hiện mắc Covid-19 như sốt, đau họng, sổ mũi, ho, khó thở, sinh viên phải lập tức thông báo cho trường đại học và liên hệ bác sĩ.\r\n\r\nHiện Nga ghi nhận hơn 4,4 triệu ca nhiễm nCoV, ít nhất 95.800 người tử vong. Ngày 23/3, nước này ghi nhận hơn 8.400 ca nhiễm mới. Tình hình dịch bệnh ở nhiều nước châu Âu còn diễn biến phức tạp. Mới đây, Pháp đã phong tỏa trở lại thủ đô Paris. Đức cũng từ bỏ kế hoạch nới biện pháp giãn cách. Tổng thống Vladimir Putin hôm nay cho biết sẽ tiêm vaccine Sputnik V ngừa Covid-19.\r\n\r\nSputnik V được Bộ Y tế Việt Nam phê duyệt khẩn cấp chiều 23/3, nhằm phục vụ nhu cầu cấp bách trong phòng chống Covid-19. Đây là vaccine Covid-19 thứ hai được Việt Nam phê duyệt, sau AstraZeneca.\r\n', NULL, 'Thục Linh', 1, NULL, NULL),
(22, '2021-03-23 10:04:32', 5, 18, 'Việt Nam trong nhóm \'an toàn dịch tễ\' được Nga chào đón', 'Sinh viên Việt Nam nằm trong số nhóm 25 nước “an toàn dịch tễ\", được phép trở lại Nga học tập.', 'Sinh viên nước ngoài, nghiên cứu sinh, người định cư, sinh viên dự bị được phép trở lại Nga để tiếp tục học tập, làm việc, theo thông cáo ngày 20/3 của Bộ Khoa học và Giáo dục Đại học Liên bang Nga.\r\n\r\nBộ này đã lập danh sách 25 nước \"an toàn dịch tễ\", bao gồm Việt Nam, Hy Lạp, Ai Cập, Ấn Độ, Cuba, Phần Lan, Thụy Sĩ, Hàn Quốc, Nhật Bản... Danh sách các nước \"an toàn\" nhập cảnh Nga sẽ cập nhật thường xuyên, được trường đại học thông báo tới sinh viên qua tài khoản cá nhân, web trường và trang mạng xã hội chính thức.\r\n\r\nNgười dân đi lại tại ở trung tâm Saint Petersburg, Nga, ngày 28/3. Ảnh: Reuters\r\nNgười dân đi lại ở trung tâm Saint Petersburg, Nga, ngày 28/3. Ảnh: Reuters.\r\n\r\nTheo Bộ Khoa học và Giáo dục Đại học Liên bang Nga, điều kiện để trở lại trường là sinh viên phải thông báo cho trường đại học bằng email ít nhất 10 ngày, kết quả xét nghiệm PCR âm tính nCoV không quá 3 ngày trước khi nhập cảnh. Trong vòng 72 giờ vào lãnh thổ Nga, sinh viên phải xét nghiệm PCR lần thứ hai và tự cách ly ở nơi cư trú. Việc học tập, đào tạo được thực hiện trực tuyến.\r\n\r\nTrong thời gian tự cách ly, nếu có biểu hiện mắc Covid-19 như sốt, đau họng, sổ mũi, ho, khó thở, sinh viên phải lập tức thông báo cho trường đại học và liên hệ bác sĩ.\r\n\r\nHiện Nga ghi nhận hơn 4,4 triệu ca nhiễm nCoV, ít nhất 95.800 người tử vong. Ngày 23/3, nước này ghi nhận hơn 8.400 ca nhiễm mới. Tình hình dịch bệnh ở nhiều nước châu Âu còn diễn biến phức tạp. Mới đây, Pháp đã phong tỏa trở lại thủ đô Paris. Đức cũng từ bỏ kế hoạch nới biện pháp giãn cách. Tổng thống Vladimir Putin hôm nay cho biết sẽ tiêm vaccine Sputnik V ngừa Covid-19.\r\n\r\nSputnik V được Bộ Y tế Việt Nam phê duyệt khẩn cấp chiều 23/3, nhằm phục vụ nhu cầu cấp bách trong phòng chống Covid-19. Đây là vaccine Covid-19 thứ hai được Việt Nam phê duyệt, sau AstraZeneca.\r\n', NULL, 'Thục Linh', 1, NULL, NULL),
(23, '2021-03-23 10:04:32', 5, 19, 'Việt Nam trong nhóm \'an toàn dịch tễ\' được Nga chào đón', 'Sinh viên Việt Nam nằm trong số nhóm 25 nước “an toàn dịch tễ\", được phép trở lại Nga học tập.', 'Sinh viên nước ngoài, nghiên cứu sinh, người định cư, sinh viên dự bị được phép trở lại Nga để tiếp tục học tập, làm việc, theo thông cáo ngày 20/3 của Bộ Khoa học và Giáo dục Đại học Liên bang Nga.\r\n\r\nBộ này đã lập danh sách 25 nước \"an toàn dịch tễ\", bao gồm Việt Nam, Hy Lạp, Ai Cập, Ấn Độ, Cuba, Phần Lan, Thụy Sĩ, Hàn Quốc, Nhật Bản... Danh sách các nước \"an toàn\" nhập cảnh Nga sẽ cập nhật thường xuyên, được trường đại học thông báo tới sinh viên qua tài khoản cá nhân, web trường và trang mạng xã hội chính thức.\r\n\r\nNgười dân đi lại tại ở trung tâm Saint Petersburg, Nga, ngày 28/3. Ảnh: Reuters\r\nNgười dân đi lại ở trung tâm Saint Petersburg, Nga, ngày 28/3. Ảnh: Reuters.\r\n\r\nTheo Bộ Khoa học và Giáo dục Đại học Liên bang Nga, điều kiện để trở lại trường là sinh viên phải thông báo cho trường đại học bằng email ít nhất 10 ngày, kết quả xét nghiệm PCR âm tính nCoV không quá 3 ngày trước khi nhập cảnh. Trong vòng 72 giờ vào lãnh thổ Nga, sinh viên phải xét nghiệm PCR lần thứ hai và tự cách ly ở nơi cư trú. Việc học tập, đào tạo được thực hiện trực tuyến.\r\n\r\nTrong thời gian tự cách ly, nếu có biểu hiện mắc Covid-19 như sốt, đau họng, sổ mũi, ho, khó thở, sinh viên phải lập tức thông báo cho trường đại học và liên hệ bác sĩ.\r\n\r\nHiện Nga ghi nhận hơn 4,4 triệu ca nhiễm nCoV, ít nhất 95.800 người tử vong. Ngày 23/3, nước này ghi nhận hơn 8.400 ca nhiễm mới. Tình hình dịch bệnh ở nhiều nước châu Âu còn diễn biến phức tạp. Mới đây, Pháp đã phong tỏa trở lại thủ đô Paris. Đức cũng từ bỏ kế hoạch nới biện pháp giãn cách. Tổng thống Vladimir Putin hôm nay cho biết sẽ tiêm vaccine Sputnik V ngừa Covid-19.\r\n\r\nSputnik V được Bộ Y tế Việt Nam phê duyệt khẩn cấp chiều 23/3, nhằm phục vụ nhu cầu cấp bách trong phòng chống Covid-19. Đây là vaccine Covid-19 thứ hai được Việt Nam phê duyệt, sau AstraZeneca.\r\n', NULL, 'Thục Linh', 1, NULL, NULL),
(24, '2021-03-23 10:09:06', 6, 20, '7 sai lầm thiết kế nhà không gian mở', 'Thiết kế nhà không gian mở được lựa chọn cho các căn hộ chung cư diện tích vừa và nhỏ. Tuy nhiên, trong thiết kế nhà không gian mở có những sai lầm phổ biến.\r\n\r\n', 'Thiết kế nhà không gian mở thường mắc sai lầm là không có điểm nhấn, khiến không gian trở nên lộn xộn và mờ nhạt, khi mắt người nhìn không bị thu hút bởi bất cứ thứ gì.\r\n\r\nẢnh minh họa: Free Space Intent.\r\n\r\nẢnh minh họa: Free Space Intent.\r\n\r\nThông thường, sofa được sử dụng như một vật cố định thị giác tự nhiên vì kích thước của chúng lớn trong phòng, nhưng không phải lúc nào cũng nên như vậy. Bạn có thể chọn một tác phẩm nghệ thuật kích thước lớn hoặc sơn màu bức tường cho nổi bật.\r\n\r\nĐặc biệt, khi decor nhà, nên lưu ý sự hài hòa màu sắc giữa đồ nội thất, thiết bị... với điểm nhấn thị giác ở trên. Chúng có sự tương đồng về màu sắc, chất liệu, kết cấu hoặc chủ đề không là điều bạn cần lưu tâm.\r\n\r\nKhông \"vạch ranh giới\" giữa các khu vực\r\n\r\nNếu một căn hộ thiết kế không gian mở nhưng không xác định ranh giới các khu vực khác nhau như bếp, phòng khách... căn hộ sẽ trở nên rất lộn xộn và vô tổ chức. Điều này không chỉ đơn thuần là yếu tố thị giác. Việc phân định các khu chức năng khác nhau là một cách để tạo ra không gian sống thiết thực. Nó cũng giúp mang lại sự riêng tư cho những khu vực như phòng làm việc, phòng ngủ...\r\n\r\nTrong khi việc thiết kế nhà không gian mở hạn chế sử dụng tường, bạn có thể sử dụng thảm, gạch nền khác màu, hoặc xử lý trần, dùng đèn khác loại... để phân biệt không gian.\r\n\r\nẢnh: DC Vision Design.\r\nẢnh: DC Vision Design.\r\n\r\nVí dụ, bạn đặt bàn ăn hình chữ nhật trong phòng ăn, bàn cafe tròn cho phòng khách, hoặc chọn đèn chùm phong cách cổ điển cho phòng khách, trong khi dùng đèn treo, đèn thả dây... cho phòng ăn.\r\n\r\nNgoài ra, bạn có thể sử dụng các tấm kính, rèm hay giá đỡ - những sản phẩm này giúp bạn có thể nhìn xuyên qua các khối chức năng khác nhau - trong khi vẫn mang lại sự riêng tư cần thiết.\r\n\r\nQuá nhiều phong cách thiết kế nội thất\r\n\r\nÁp dụng quá nhiều phong cách nội thất khác nhau cho một không gia mở sẽ không đem lại cảm giác thống nhất về mặt hình ảnh cho căn hộ.\r\n\r\nTốt nhất, bạn nên chọn một phong cách cụ thể và bám lấy nó khi decor nhà. Đương nhiên, sự an toàn này cũng có thể khiến nhà bạn trở nên nhạt nhẽo, nhàm chán nếu như không có đôi chút sự sáng tạo và hòa trộn phù hợp.\r\n\r\nSử dụng nhiều loại vật liệu sàn khác nhau\r\n\r\nSử dụng các vật liệu lát sàn khác nhau cho các khu vực khác nhau trong một không gian mở có thể ngôi nhà rời rạc.\r\n\r\nViệc sử dụng một vật liệu lát sàn duy nhất giúp kết nối các không gian lại với nhau, tạo ra luồng thị giác tốt hơn và đem lại cảm giác rộng rãi. Thêm vào đó, bạn sẽ thấy việc làm sạch sàn dễ hơn.\r\n\r\nTrong trường hợp lo lắng về tính thực tế của việc sử dụng một loại vật liệu cho cả sàn, bao gồm sàn bếp, bạn có thể thay thế vật liệu lát sàn phòng bếp (ví dụ thay vì lát gỗ, bạn lát đá).\r\n\r\nChỉ có một nguồn chiếu sáng\r\n\r\nKhông gian mở có thể là một không gian duy nhất, nhưng tuyệt đối không nên dựa vào một nguồn chiếu sáng duy nhất. Điều này không chỉ khiến nhà bạn thiếu ánh sáng, mà còn làm giảm diện tích nhà bạn.\r\n\r\nCần phải phân nguồn sáng làm các tầng khác nhau. Bạn nên bắt đầu với nguồn sáng chung (đèn mắt trâu xung quanh căn phòng, đèn âm tường... ), sau đó đến đèn chiếu sáng theo điểm (ví dụ đèn hắt cho tranh) để làm nổi bật các ngóc ngách nhất định. Sau đó, có thể thêm đèn bàn, đèn tường, đèn đứng... làm điểm nhấn.\r\n\r\nKhông tính tới nhu cầu lưu trữ\r\n\r\nBỏ quên nhu cầu lưu trữ là một sai lầm phổ biến với hầu hết các chủ nhà chưa có kinh nghiệm, khi thiết kế nhà không gian mở.\r\n\r\nKhi thiết kế các khu vực lưu trữ, nên thiết kế kịch trần, áp vào tường để tạo ra một không gian liền mạch cho căn nhà. Ảnh: Akihaus.\r\nKhi thiết kế các khu vực lưu trữ, nên thiết kế kịch trần, áp vào tường để tạo ra một không gian liền mạch cho căn nhà. Ảnh: Akihaus.\r\n\r\nGiải pháp hiệu quả cho vấn đề này là bạn nên sử dụng đồ nội thất có chức năng kép, ví dụ như ghế sofa có ngăn chứa bên dưới, bàn cafe có ngăn kéo... Bằng cách đó, bạn có không gian lưu trữ đồ, nhưng chúng không bị lộ ra bên ngoài không gian mở.\r\n\r\nKhông chừa lối đi\r\n\r\nChúng ta thường không lưu ý về lối đi cho đến khi sống trong không gian đó, dù nó là một yếu tố hết sức quan trọng trong việc tạo ra một căn hộ tiện ích, hiệu quả và đem lại cảm giác thoải mái.\r\n\r\nTrong sơ đồ mặt bằng của bạn, hãy thử đánh dấu vị trí các đồ được đặt cố định như vị trí của tivi, bếp, tủ... sau đó đặt các đồ còn lại vào các vị trí, sao cho đảm bảo không gian di chuyển giữa các vị trí, ít nhất là 60-70 cm. Cần đảm bảo đồ đạc không gây ra bất cứ sự cản trở nào cho việc di chuyển, đặc biệt ở các khu vực có kết nối trực tiếp như bếp đến bàn ăn.\r\n', NULL, 'Thùy Linh (Theo Asianone)', 1, NULL, NULL),
(25, '2021-03-23 10:09:06', 6, 21, '7 sai lầm thiết kế nhà không gian mở', 'Thiết kế nhà không gian mở được lựa chọn cho các căn hộ chung cư diện tích vừa và nhỏ. Tuy nhiên, trong thiết kế nhà không gian mở có những sai lầm phổ biến.\r\n\r\n', 'Thiết kế nhà không gian mở thường mắc sai lầm là không có điểm nhấn, khiến không gian trở nên lộn xộn và mờ nhạt, khi mắt người nhìn không bị thu hút bởi bất cứ thứ gì.\r\n\r\nẢnh minh họa: Free Space Intent.\r\n\r\nẢnh minh họa: Free Space Intent.\r\n\r\nThông thường, sofa được sử dụng như một vật cố định thị giác tự nhiên vì kích thước của chúng lớn trong phòng, nhưng không phải lúc nào cũng nên như vậy. Bạn có thể chọn một tác phẩm nghệ thuật kích thước lớn hoặc sơn màu bức tường cho nổi bật.\r\n\r\nĐặc biệt, khi decor nhà, nên lưu ý sự hài hòa màu sắc giữa đồ nội thất, thiết bị... với điểm nhấn thị giác ở trên. Chúng có sự tương đồng về màu sắc, chất liệu, kết cấu hoặc chủ đề không là điều bạn cần lưu tâm.\r\n\r\nKhông \"vạch ranh giới\" giữa các khu vực\r\n\r\nNếu một căn hộ thiết kế không gian mở nhưng không xác định ranh giới các khu vực khác nhau như bếp, phòng khách... căn hộ sẽ trở nên rất lộn xộn và vô tổ chức. Điều này không chỉ đơn thuần là yếu tố thị giác. Việc phân định các khu chức năng khác nhau là một cách để tạo ra không gian sống thiết thực. Nó cũng giúp mang lại sự riêng tư cho những khu vực như phòng làm việc, phòng ngủ...\r\n\r\nTrong khi việc thiết kế nhà không gian mở hạn chế sử dụng tường, bạn có thể sử dụng thảm, gạch nền khác màu, hoặc xử lý trần, dùng đèn khác loại... để phân biệt không gian.\r\n\r\nẢnh: DC Vision Design.\r\nẢnh: DC Vision Design.\r\n\r\nVí dụ, bạn đặt bàn ăn hình chữ nhật trong phòng ăn, bàn cafe tròn cho phòng khách, hoặc chọn đèn chùm phong cách cổ điển cho phòng khách, trong khi dùng đèn treo, đèn thả dây... cho phòng ăn.\r\n\r\nNgoài ra, bạn có thể sử dụng các tấm kính, rèm hay giá đỡ - những sản phẩm này giúp bạn có thể nhìn xuyên qua các khối chức năng khác nhau - trong khi vẫn mang lại sự riêng tư cần thiết.\r\n\r\nQuá nhiều phong cách thiết kế nội thất\r\n\r\nÁp dụng quá nhiều phong cách nội thất khác nhau cho một không gia mở sẽ không đem lại cảm giác thống nhất về mặt hình ảnh cho căn hộ.\r\n\r\nTốt nhất, bạn nên chọn một phong cách cụ thể và bám lấy nó khi decor nhà. Đương nhiên, sự an toàn này cũng có thể khiến nhà bạn trở nên nhạt nhẽo, nhàm chán nếu như không có đôi chút sự sáng tạo và hòa trộn phù hợp.\r\n\r\nSử dụng nhiều loại vật liệu sàn khác nhau\r\n\r\nSử dụng các vật liệu lát sàn khác nhau cho các khu vực khác nhau trong một không gian mở có thể ngôi nhà rời rạc.\r\n\r\nViệc sử dụng một vật liệu lát sàn duy nhất giúp kết nối các không gian lại với nhau, tạo ra luồng thị giác tốt hơn và đem lại cảm giác rộng rãi. Thêm vào đó, bạn sẽ thấy việc làm sạch sàn dễ hơn.\r\n\r\nTrong trường hợp lo lắng về tính thực tế của việc sử dụng một loại vật liệu cho cả sàn, bao gồm sàn bếp, bạn có thể thay thế vật liệu lát sàn phòng bếp (ví dụ thay vì lát gỗ, bạn lát đá).\r\n\r\nChỉ có một nguồn chiếu sáng\r\n\r\nKhông gian mở có thể là một không gian duy nhất, nhưng tuyệt đối không nên dựa vào một nguồn chiếu sáng duy nhất. Điều này không chỉ khiến nhà bạn thiếu ánh sáng, mà còn làm giảm diện tích nhà bạn.\r\n\r\nCần phải phân nguồn sáng làm các tầng khác nhau. Bạn nên bắt đầu với nguồn sáng chung (đèn mắt trâu xung quanh căn phòng, đèn âm tường... ), sau đó đến đèn chiếu sáng theo điểm (ví dụ đèn hắt cho tranh) để làm nổi bật các ngóc ngách nhất định. Sau đó, có thể thêm đèn bàn, đèn tường, đèn đứng... làm điểm nhấn.\r\n\r\nKhông tính tới nhu cầu lưu trữ\r\n\r\nBỏ quên nhu cầu lưu trữ là một sai lầm phổ biến với hầu hết các chủ nhà chưa có kinh nghiệm, khi thiết kế nhà không gian mở.\r\n\r\nKhi thiết kế các khu vực lưu trữ, nên thiết kế kịch trần, áp vào tường để tạo ra một không gian liền mạch cho căn nhà. Ảnh: Akihaus.\r\nKhi thiết kế các khu vực lưu trữ, nên thiết kế kịch trần, áp vào tường để tạo ra một không gian liền mạch cho căn nhà. Ảnh: Akihaus.\r\n\r\nGiải pháp hiệu quả cho vấn đề này là bạn nên sử dụng đồ nội thất có chức năng kép, ví dụ như ghế sofa có ngăn chứa bên dưới, bàn cafe có ngăn kéo... Bằng cách đó, bạn có không gian lưu trữ đồ, nhưng chúng không bị lộ ra bên ngoài không gian mở.\r\n\r\nKhông chừa lối đi\r\n\r\nChúng ta thường không lưu ý về lối đi cho đến khi sống trong không gian đó, dù nó là một yếu tố hết sức quan trọng trong việc tạo ra một căn hộ tiện ích, hiệu quả và đem lại cảm giác thoải mái.\r\n\r\nTrong sơ đồ mặt bằng của bạn, hãy thử đánh dấu vị trí các đồ được đặt cố định như vị trí của tivi, bếp, tủ... sau đó đặt các đồ còn lại vào các vị trí, sao cho đảm bảo không gian di chuyển giữa các vị trí, ít nhất là 60-70 cm. Cần đảm bảo đồ đạc không gây ra bất cứ sự cản trở nào cho việc di chuyển, đặc biệt ở các khu vực có kết nối trực tiếp như bếp đến bàn ăn.\r\n', NULL, 'Thùy Linh (Theo Asianone)', 1, NULL, NULL),
(26, '2021-03-23 10:09:06', 6, 22, '7 sai lầm thiết kế nhà không gian mở', 'Thiết kế nhà không gian mở được lựa chọn cho các căn hộ chung cư diện tích vừa và nhỏ. Tuy nhiên, trong thiết kế nhà không gian mở có những sai lầm phổ biến.\r\n\r\n', 'Thiết kế nhà không gian mở thường mắc sai lầm là không có điểm nhấn, khiến không gian trở nên lộn xộn và mờ nhạt, khi mắt người nhìn không bị thu hút bởi bất cứ thứ gì.\r\n\r\nẢnh minh họa: Free Space Intent.\r\n\r\nẢnh minh họa: Free Space Intent.\r\n\r\nThông thường, sofa được sử dụng như một vật cố định thị giác tự nhiên vì kích thước của chúng lớn trong phòng, nhưng không phải lúc nào cũng nên như vậy. Bạn có thể chọn một tác phẩm nghệ thuật kích thước lớn hoặc sơn màu bức tường cho nổi bật.\r\n\r\nĐặc biệt, khi decor nhà, nên lưu ý sự hài hòa màu sắc giữa đồ nội thất, thiết bị... với điểm nhấn thị giác ở trên. Chúng có sự tương đồng về màu sắc, chất liệu, kết cấu hoặc chủ đề không là điều bạn cần lưu tâm.\r\n\r\nKhông \"vạch ranh giới\" giữa các khu vực\r\n\r\nNếu một căn hộ thiết kế không gian mở nhưng không xác định ranh giới các khu vực khác nhau như bếp, phòng khách... căn hộ sẽ trở nên rất lộn xộn và vô tổ chức. Điều này không chỉ đơn thuần là yếu tố thị giác. Việc phân định các khu chức năng khác nhau là một cách để tạo ra không gian sống thiết thực. Nó cũng giúp mang lại sự riêng tư cho những khu vực như phòng làm việc, phòng ngủ...\r\n\r\nTrong khi việc thiết kế nhà không gian mở hạn chế sử dụng tường, bạn có thể sử dụng thảm, gạch nền khác màu, hoặc xử lý trần, dùng đèn khác loại... để phân biệt không gian.\r\n\r\nẢnh: DC Vision Design.\r\nẢnh: DC Vision Design.\r\n\r\nVí dụ, bạn đặt bàn ăn hình chữ nhật trong phòng ăn, bàn cafe tròn cho phòng khách, hoặc chọn đèn chùm phong cách cổ điển cho phòng khách, trong khi dùng đèn treo, đèn thả dây... cho phòng ăn.\r\n\r\nNgoài ra, bạn có thể sử dụng các tấm kính, rèm hay giá đỡ - những sản phẩm này giúp bạn có thể nhìn xuyên qua các khối chức năng khác nhau - trong khi vẫn mang lại sự riêng tư cần thiết.\r\n\r\nQuá nhiều phong cách thiết kế nội thất\r\n\r\nÁp dụng quá nhiều phong cách nội thất khác nhau cho một không gia mở sẽ không đem lại cảm giác thống nhất về mặt hình ảnh cho căn hộ.\r\n\r\nTốt nhất, bạn nên chọn một phong cách cụ thể và bám lấy nó khi decor nhà. Đương nhiên, sự an toàn này cũng có thể khiến nhà bạn trở nên nhạt nhẽo, nhàm chán nếu như không có đôi chút sự sáng tạo và hòa trộn phù hợp.\r\n\r\nSử dụng nhiều loại vật liệu sàn khác nhau\r\n\r\nSử dụng các vật liệu lát sàn khác nhau cho các khu vực khác nhau trong một không gian mở có thể ngôi nhà rời rạc.\r\n\r\nViệc sử dụng một vật liệu lát sàn duy nhất giúp kết nối các không gian lại với nhau, tạo ra luồng thị giác tốt hơn và đem lại cảm giác rộng rãi. Thêm vào đó, bạn sẽ thấy việc làm sạch sàn dễ hơn.\r\n\r\nTrong trường hợp lo lắng về tính thực tế của việc sử dụng một loại vật liệu cho cả sàn, bao gồm sàn bếp, bạn có thể thay thế vật liệu lát sàn phòng bếp (ví dụ thay vì lát gỗ, bạn lát đá).\r\n\r\nChỉ có một nguồn chiếu sáng\r\n\r\nKhông gian mở có thể là một không gian duy nhất, nhưng tuyệt đối không nên dựa vào một nguồn chiếu sáng duy nhất. Điều này không chỉ khiến nhà bạn thiếu ánh sáng, mà còn làm giảm diện tích nhà bạn.\r\n\r\nCần phải phân nguồn sáng làm các tầng khác nhau. Bạn nên bắt đầu với nguồn sáng chung (đèn mắt trâu xung quanh căn phòng, đèn âm tường... ), sau đó đến đèn chiếu sáng theo điểm (ví dụ đèn hắt cho tranh) để làm nổi bật các ngóc ngách nhất định. Sau đó, có thể thêm đèn bàn, đèn tường, đèn đứng... làm điểm nhấn.\r\n\r\nKhông tính tới nhu cầu lưu trữ\r\n\r\nBỏ quên nhu cầu lưu trữ là một sai lầm phổ biến với hầu hết các chủ nhà chưa có kinh nghiệm, khi thiết kế nhà không gian mở.\r\n\r\nKhi thiết kế các khu vực lưu trữ, nên thiết kế kịch trần, áp vào tường để tạo ra một không gian liền mạch cho căn nhà. Ảnh: Akihaus.\r\nKhi thiết kế các khu vực lưu trữ, nên thiết kế kịch trần, áp vào tường để tạo ra một không gian liền mạch cho căn nhà. Ảnh: Akihaus.\r\n\r\nGiải pháp hiệu quả cho vấn đề này là bạn nên sử dụng đồ nội thất có chức năng kép, ví dụ như ghế sofa có ngăn chứa bên dưới, bàn cafe có ngăn kéo... Bằng cách đó, bạn có không gian lưu trữ đồ, nhưng chúng không bị lộ ra bên ngoài không gian mở.\r\n\r\nKhông chừa lối đi\r\n\r\nChúng ta thường không lưu ý về lối đi cho đến khi sống trong không gian đó, dù nó là một yếu tố hết sức quan trọng trong việc tạo ra một căn hộ tiện ích, hiệu quả và đem lại cảm giác thoải mái.\r\n\r\nTrong sơ đồ mặt bằng của bạn, hãy thử đánh dấu vị trí các đồ được đặt cố định như vị trí của tivi, bếp, tủ... sau đó đặt các đồ còn lại vào các vị trí, sao cho đảm bảo không gian di chuyển giữa các vị trí, ít nhất là 60-70 cm. Cần đảm bảo đồ đạc không gây ra bất cứ sự cản trở nào cho việc di chuyển, đặc biệt ở các khu vực có kết nối trực tiếp như bếp đến bàn ăn.\r\n', NULL, 'Thùy Linh (Theo Asianone)', 1, NULL, NULL),
(27, '2021-03-23 10:11:46', 7, 23, 'Cảnh đẹp Huế trong phim \'Gái già lắm chiêu 5\'', 'Xứ Huế với cung An Định, Hoàng thành, cầu Dã Viên là bối cảnh chính trong bộ phim điện ảnh Việt Nam.', 'Cung An Định\r\n\r\nCung điện được vua Khải Định cho xây dựng vào năm 1917, bên bờ sông An Cựu. Cung từng có khoảng 10 công trình, đến nay chỉ còn 3 công trình nguyên vẹn là cổng chính, đình Trung Lập và lầu Khải Tường. Trong phim, cung là biệt phủ rộng lớn, xa hoa với vườn Bạch Trà, nằm tách biệt với thế giới bên ngoài, không có sóng di động. Bên trong cung mang đậm dấu ấn kiến trúc phương Tây với những khung tranh dát vàng, là nơi ở của các nhân vật chị em Lý gia.\r\n\r\nTrường LangHệ thống hành lang có mái che của Hoàng thành Huế ấn tượng khi xuất hiện trong khung hình phim, chứng kiến những bước đi đầy tự tin của nhân vật Lý Linh. Hành lang có chiều dài tổng cộng 903 m, là đường kết nối các công trình kiến trúc trung tâm của Đại nội. Hệ thống cột, cửa được làm bằng gỗ lim, sơn son, thếp vàng.\r\nTrường Lang Hoàng thành Huế\r\n\r\nHệ thống hành lang có mái che của Hoàng thành xuất hiện trong cảnh phim chứng kiến những bước đi đầy tự tin của nhân vật Lý Linh, con út của nhà họ Lý. Hành lang có 23 đoạn, với tổng chiều dài 903 m, là đường kết nối các công trình kiến trúc trung tâm của Hoàng thành. Hệ thống cột, cửa được làm bằng gỗ lim, sơn son, thếp vàng.\r\n\r\nNgọ MônNgọ Môn nằm ở mặt tiền của Hoàng thành, là công trình kiến trúc nghệ thuật xuất sắc của triều đại Nguyễn. Ngọ Môn quan xuất hiện trong phim bề thế, cổ kính. Đường dẫn vào điện Thái Hòa được tô điểm bởi 2 bên hồ sen Thái Dịch. Đây là một trong những biểu tượng quan trọng của hệ thống kinh thành Huế, xuất hiện trong nhiều cảnh quay toàn cảnh trong phim.\r\nNgọ Môn\r\n\r\nNgọ Môn nằm ở mặt tiền của Hoàng thành, là công trình kiến trúc nghệ thuật đặc sắc của triều đại Nguyễn. Đường dẫn vào điện Thái Hòa được tô điểm bởi 2 bên hồ sen Thái Dịch. Đây là một trong những biểu tượng quan trọng của hệ thống kinh thành Huế, xuất hiện trong nhiều cảnh quay trong phim.\r\n\r\nLầu Ngũ PhụngLầu Ngũ Phụng nằm phía trên Ngọ Môn quan, nằm ở mặt nam của Hoàng thành, phía trước điện Thái Hòa. Hai nhân vật Lý Linh và Gia Huy với trang phục Tây phương xuất hiện giữa kiến trúc cổ kính tạo nên hình ảnh ấn tượng. Di tích này được mở cửa từ đầu năm 2021 đón khách du lịch sau 1 thời gian dài trùng tu. Đứng trên lầu, có thể quan sát được điện Thái Hòa, hồ Thái Dịch, Kỳ Đài và phong cảnh xung quanh.\r\nLầu Ngũ Phụng\r\n\r\nLầu Ngũ Phụng nằm phía trên Ngọ Môn quan, ở mặt nam của Hoàng thành, phía trước điện Thái Hòa. Đây là nơi quay 2 nhân vật Lý Linh và Gia Huy với trang phục phương Tây, trong kiến trúc cổ kính. Di tích được mở cửa từ đầu năm 2021 đón khách du lịch sau 1 thời gian dài trùng tu. Đứng trên lầu, có thể quan sát được điện Thái Hòa, hồ Thái Dịch, Kỳ Đài và phong cảnh xung quanh.\r\n\r\nDuyệt Thị ĐườngBuổi đấu giá phượng bào đầu phim được quay tại Duyệt Thị Đường - nơi được xem là nhà hát cổ xưa nhất Việt Nam, xây dựng dưới thời vua Minh Mạng. Đây là nhà hát của hoàng cung, dành cho vua và người trong hoàng tộc thưởng thức các loại hình truyền thống như tuồng cổ, hát bội, kịch, nghệ thuật chiêu đãi sứ thần các nước...\r\nDuyệt Thị Đường\r\n\r\nBuổi đấu giá phượng bào đầu phim được quay tại Duyệt Thị Đường - nhà hát cổ xưa nhất Việt Nam, xây dựng dưới thời vua Minh Mạng. Đây là nhà hát của hoàng cung, dành cho vua và người trong hoàng tộc thưởng thức các loại hình truyền thống như tuồng cổ, hát bội, kịch, nghệ thuật chiêu đãi sứ thần các nước...\r\n\r\nCầu Dã ViênĐại cảnh cuối phim khi nhân vật Lý Linh chạy trong mưa diễn ra tại cây cầu bắc qua cồn Dã Viên, nằm ở trung lưu sông Hương, phía tây nam TP Huế. Cây cầu có 5 nhịp và lan can, có chiều dài tổng cộng 542,5 m. Cầu rộng 24,5 với 4 làn xe và 2 bên đường cho người đi bộ.\r\nCầu Dã Viên\r\n\r\nĐại cảnh cuối phim khi nhân vật Lý Linh chạy trong mưa diễn ra tại cây cầu bắc qua sông Hương, nằm ở phía tây nam TP Huế. Cây cầu có 5 nhịp và lan can, có chiều dài tổng cộng 542,5 m, rộng 24,5 với 4 làn xe và 2 bên đường cho người đi bộ.\r\n\r\nLăng Minh MạngPhân cảnh cưỡi ngựa của chị em Lý gia được quay trên chiếc cầu bắc vào lăng Minh Mạng. Trong khuôn viên lăng có 2 hồ là Trừng Minh và Tân Nguyệt. Địa điểm này nằm trên núi Cẩm Khê, gần ngã ba Bằng Lãng - nơi hội lưu của hai dòng Hữu Trạch và Tả Trạch hợp thành sông Hương, cách trung tâm thành phố Huế 12 km.\r\nLăng Minh Mạng\r\n\r\nPhân cảnh cưỡi ngựa của chị em Lý gia được quay trên chiếc cầu bắc vào lăng Minh Mạng. Địa điểm nằm trên núi Cẩm Khê, gần ngã ba Bằng Lãng, cách trung tâm thành phố Huế khoảng 12 km. Lăng được xây dựng từ năm 1840 đến 1843, với 40 công trình lớn nhỏ, gồm cung điện, đền, miếu... Trong khuôn viên lăng có 2 hồ là Trừng Minh và Tân Nguyệt.\r\n', NULL, 'Trung Nghĩa', 1, NULL, NULL),
(28, '2021-03-23 10:11:46', 7, 24, 'Cảnh đẹp Huế trong phim \'Gái già lắm chiêu 5\'', 'Xứ Huế với cung An Định, Hoàng thành, cầu Dã Viên là bối cảnh chính trong bộ phim điện ảnh Việt Nam.', 'Cung An Định\r\n\r\nCung điện được vua Khải Định cho xây dựng vào năm 1917, bên bờ sông An Cựu. Cung từng có khoảng 10 công trình, đến nay chỉ còn 3 công trình nguyên vẹn là cổng chính, đình Trung Lập và lầu Khải Tường. Trong phim, cung là biệt phủ rộng lớn, xa hoa với vườn Bạch Trà, nằm tách biệt với thế giới bên ngoài, không có sóng di động. Bên trong cung mang đậm dấu ấn kiến trúc phương Tây với những khung tranh dát vàng, là nơi ở của các nhân vật chị em Lý gia.\r\n\r\nTrường LangHệ thống hành lang có mái che của Hoàng thành Huế ấn tượng khi xuất hiện trong khung hình phim, chứng kiến những bước đi đầy tự tin của nhân vật Lý Linh. Hành lang có chiều dài tổng cộng 903 m, là đường kết nối các công trình kiến trúc trung tâm của Đại nội. Hệ thống cột, cửa được làm bằng gỗ lim, sơn son, thếp vàng.\r\nTrường Lang Hoàng thành Huế\r\n\r\nHệ thống hành lang có mái che của Hoàng thành xuất hiện trong cảnh phim chứng kiến những bước đi đầy tự tin của nhân vật Lý Linh, con út của nhà họ Lý. Hành lang có 23 đoạn, với tổng chiều dài 903 m, là đường kết nối các công trình kiến trúc trung tâm của Hoàng thành. Hệ thống cột, cửa được làm bằng gỗ lim, sơn son, thếp vàng.\r\n\r\nNgọ MônNgọ Môn nằm ở mặt tiền của Hoàng thành, là công trình kiến trúc nghệ thuật xuất sắc của triều đại Nguyễn. Ngọ Môn quan xuất hiện trong phim bề thế, cổ kính. Đường dẫn vào điện Thái Hòa được tô điểm bởi 2 bên hồ sen Thái Dịch. Đây là một trong những biểu tượng quan trọng của hệ thống kinh thành Huế, xuất hiện trong nhiều cảnh quay toàn cảnh trong phim.\r\nNgọ Môn\r\n\r\nNgọ Môn nằm ở mặt tiền của Hoàng thành, là công trình kiến trúc nghệ thuật đặc sắc của triều đại Nguyễn. Đường dẫn vào điện Thái Hòa được tô điểm bởi 2 bên hồ sen Thái Dịch. Đây là một trong những biểu tượng quan trọng của hệ thống kinh thành Huế, xuất hiện trong nhiều cảnh quay trong phim.\r\n\r\nLầu Ngũ PhụngLầu Ngũ Phụng nằm phía trên Ngọ Môn quan, nằm ở mặt nam của Hoàng thành, phía trước điện Thái Hòa. Hai nhân vật Lý Linh và Gia Huy với trang phục Tây phương xuất hiện giữa kiến trúc cổ kính tạo nên hình ảnh ấn tượng. Di tích này được mở cửa từ đầu năm 2021 đón khách du lịch sau 1 thời gian dài trùng tu. Đứng trên lầu, có thể quan sát được điện Thái Hòa, hồ Thái Dịch, Kỳ Đài và phong cảnh xung quanh.\r\nLầu Ngũ Phụng\r\n\r\nLầu Ngũ Phụng nằm phía trên Ngọ Môn quan, ở mặt nam của Hoàng thành, phía trước điện Thái Hòa. Đây là nơi quay 2 nhân vật Lý Linh và Gia Huy với trang phục phương Tây, trong kiến trúc cổ kính. Di tích được mở cửa từ đầu năm 2021 đón khách du lịch sau 1 thời gian dài trùng tu. Đứng trên lầu, có thể quan sát được điện Thái Hòa, hồ Thái Dịch, Kỳ Đài và phong cảnh xung quanh.\r\n\r\nDuyệt Thị ĐườngBuổi đấu giá phượng bào đầu phim được quay tại Duyệt Thị Đường - nơi được xem là nhà hát cổ xưa nhất Việt Nam, xây dựng dưới thời vua Minh Mạng. Đây là nhà hát của hoàng cung, dành cho vua và người trong hoàng tộc thưởng thức các loại hình truyền thống như tuồng cổ, hát bội, kịch, nghệ thuật chiêu đãi sứ thần các nước...\r\nDuyệt Thị Đường\r\n\r\nBuổi đấu giá phượng bào đầu phim được quay tại Duyệt Thị Đường - nhà hát cổ xưa nhất Việt Nam, xây dựng dưới thời vua Minh Mạng. Đây là nhà hát của hoàng cung, dành cho vua và người trong hoàng tộc thưởng thức các loại hình truyền thống như tuồng cổ, hát bội, kịch, nghệ thuật chiêu đãi sứ thần các nước...\r\n\r\nCầu Dã ViênĐại cảnh cuối phim khi nhân vật Lý Linh chạy trong mưa diễn ra tại cây cầu bắc qua cồn Dã Viên, nằm ở trung lưu sông Hương, phía tây nam TP Huế. Cây cầu có 5 nhịp và lan can, có chiều dài tổng cộng 542,5 m. Cầu rộng 24,5 với 4 làn xe và 2 bên đường cho người đi bộ.\r\nCầu Dã Viên\r\n\r\nĐại cảnh cuối phim khi nhân vật Lý Linh chạy trong mưa diễn ra tại cây cầu bắc qua sông Hương, nằm ở phía tây nam TP Huế. Cây cầu có 5 nhịp và lan can, có chiều dài tổng cộng 542,5 m, rộng 24,5 với 4 làn xe và 2 bên đường cho người đi bộ.\r\n\r\nLăng Minh MạngPhân cảnh cưỡi ngựa của chị em Lý gia được quay trên chiếc cầu bắc vào lăng Minh Mạng. Trong khuôn viên lăng có 2 hồ là Trừng Minh và Tân Nguyệt. Địa điểm này nằm trên núi Cẩm Khê, gần ngã ba Bằng Lãng - nơi hội lưu của hai dòng Hữu Trạch và Tả Trạch hợp thành sông Hương, cách trung tâm thành phố Huế 12 km.\r\nLăng Minh Mạng\r\n\r\nPhân cảnh cưỡi ngựa của chị em Lý gia được quay trên chiếc cầu bắc vào lăng Minh Mạng. Địa điểm nằm trên núi Cẩm Khê, gần ngã ba Bằng Lãng, cách trung tâm thành phố Huế khoảng 12 km. Lăng được xây dựng từ năm 1840 đến 1843, với 40 công trình lớn nhỏ, gồm cung điện, đền, miếu... Trong khuôn viên lăng có 2 hồ là Trừng Minh và Tân Nguyệt.\r\n', NULL, 'Trung Nghĩa', 1, NULL, NULL),
(29, '2021-03-23 10:13:06', 8, 25, 'Phim của Thích Tiểu Long bị chê', 'Phim \"Yến Xích Hà lạp yêu truyện\" do Thích Tiểu Long đóng chính bị nhiều khán giả chê tình tiết rối, kỹ xảo kém.', 'Theo 163, ra rạp Trung Quốc ngày 19/3, tác phẩm thu về khoảng 10.000 nhân dân tệ (35,3 triệu đồng), hiện được chuyển sang chiếu online. Trên diễn đàn phim Douban, phần lớn khán giả cho biết xem Yến Xích Hà lạp yêu truyện vì Thích Tiểu Long, diễn xuất của anh ổn nhưng nội dung phim khó hiểu, kỹ xảo kém.\r\n\r\nTrailer phim \"Yến Xích Hà lạp yêu truyện\". Video: HKcinema.\r\n\r\nCác khán giả viết: \"Tôi vừa xem vừa tua cho nhanh hết\", \"Từ biên kịch đến biên tập, tất cả đều rối rắm, tôi không hiểu đang xem cái gì, lãng phí diễn viên\", \"Phim toàn cảnh bay nhảy, chẳng hiểu nhân vật đang làm gì\"...\r\n\r\nTrên Weibo, đại diện của Thích Tiểu Long viết: \"Nếu phim không như kỳ vọng của khán giả, chúng tôi xin lỗi. Thích Tiểu Long đang nỗ lực quay phim mới, mang tác phẩm tốt hơn báo đáp mọi người\".\r\n\r\nTạo hình Yến Xích Hà của Thích Tiểu Long. Ảnh: Sina.\r\nTạo hình Yến Xích Hà của Thích Tiểu Long. Ảnh: Sina.\r\n\r\nPhim thuộc thể loại thần thoại, kể về Hạ Lăng Phong - con trai của một tướng quân - phụng mệnh tìm hiểu bí ẩn về căn bệnh lạ lan truyền. Trong quá trình điều tra, chàng quen biết Yến Xích Hà, hai người liên thủ truy tìm, tiêu diệt yêu quái gây họa. Phim còn có sự tham gia của Từ Đông Đông, Phương Dật Luân, Lưu Diệc Đồng, Trương Dĩnh Băng.\r\n\r\nThích Tiểu Long 33 tuổi, thời niên thiếu được mệnh danh \"Hoàng tử võ thuật\" khi tham gia loạt phim ăn khách như Thiếu Lâm tiểu tử, Thập huynh đệ, Thời niên thiếu của Bao Thanh Thiên, Tân Ô Long viện, Thời niên thiếu của Hoàng Phi Hồng... Khi trưởng thành, Tiểu Long chưa có tác phẩm gây tiếng vang.', NULL, 'Như Anh', 1, NULL, NULL);

-- --------------------------------------------------------

--
-- Cấu trúc bảng cho bảng `Users`
--

CREATE TABLE `Users` (
  `IdUser` int NOT NULL,
  `UserNames` varchar(30) NOT NULL,
  `PassWords` varchar(30) NOT NULL,
  `Hoten` varchar(30) CHARACTER SET utf8mb4 COLLATE utf8mb4_0900_ai_ci DEFAULT NULL,
  `Addresss` varchar(30) CHARACTER SET utf8mb4 COLLATE utf8mb4_0900_ai_ci DEFAULT NULL,
  `NumberPhone` varchar(30) CHARACTER SET utf8mb4 COLLATE utf8mb4_0900_ai_ci DEFAULT NULL,
  `email` varchar(30) CHARACTER SET utf8mb4 COLLATE utf8mb4_0900_ai_ci DEFAULT NULL,
  `RegDate` timestamp NULL DEFAULT CURRENT_TIMESTAMP,
  `Sex` tinyint(1) DEFAULT NULL,
  `Active` tinyint(1) DEFAULT NULL
) ENGINE=InnoDB DEFAULT CHARSET=utf8mb4 COLLATE=utf8mb4_0900_ai_ci;

--
-- Chỉ mục cho các bảng đã đổ
--

--
-- Chỉ mục cho bảng `LoaiTin`
--
ALTER TABLE `LoaiTin`
  ADD PRIMARY KEY (`IdLT`);

--
-- Chỉ mục cho bảng `Theloai`
--
ALTER TABLE `Theloai`
  ADD PRIMARY KEY (`IdTL`);

--
-- Chỉ mục cho bảng `Tin`
--
ALTER TABLE `Tin`
  ADD PRIMARY KEY (`IdTin`);

--
-- Chỉ mục cho bảng `Users`
--
ALTER TABLE `Users`
  ADD PRIMARY KEY (`IdUser`);

--
-- AUTO_INCREMENT cho các bảng đã đổ
--

--
-- AUTO_INCREMENT cho bảng `LoaiTin`
--
ALTER TABLE `LoaiTin`
  MODIFY `IdLT` int NOT NULL AUTO_INCREMENT, AUTO_INCREMENT=34;

--
-- AUTO_INCREMENT cho bảng `Theloai`
--
ALTER TABLE `Theloai`
  MODIFY `IdTL` int NOT NULL AUTO_INCREMENT, AUTO_INCREMENT=10;

--
-- AUTO_INCREMENT cho bảng `Tin`
--
ALTER TABLE `Tin`
  MODIFY `IdTin` int NOT NULL AUTO_INCREMENT, AUTO_INCREMENT=30;

--
-- AUTO_INCREMENT cho bảng `Users`
--
ALTER TABLE `Users`
  MODIFY `IdUser` int NOT NULL AUTO_INCREMENT, AUTO_INCREMENT=6;
COMMIT;

/*!40101 SET CHARACTER_SET_CLIENT=@OLD_CHARACTER_SET_CLIENT */;
/*!40101 SET CHARACTER_SET_RESULTS=@OLD_CHARACTER_SET_RESULTS */;
/*!40101 SET COLLATION_CONNECTION=@OLD_COLLATION_CONNECTION */;
